"search-number","evaluation","technology-diffusion-method*","word-of-mouth?*","technology-adoption*","technology-awareness*","debug?*","deliberation_rate*","innovation*","p_leader_social*","p_mainstream_social*","p_hedonistic_social*","policy*","fitness","num-replicates","best-fitness-so-far"
"1","5","""schwarz""","false","0","5","false","0.015544635516265554","""showerhead""","0.9018883095757718","0.9624427363721646","0.043828933024603334","""off""","1025.564","5","1025.564"
"1","10","""schwarz""","false","0","5","false","0.015544635516265554","""showerhead""","0.7143826523118947","1","0.043828933024603334","""off""","1022.02","5","1022.02"
"1","15","""schwarz""","false","0","5","false","0.015544635516265554","""showerhead""","0.7143826523118947","1","0.12591627891027074","""off""","1022.14","5","1022.02"
"1","20","""schwarz""","false","0","5","false","0.015544635516265554","""showerhead""","0.7143826523118947","1","0.1668547506925464","""off""","1020.94","5","1020.94"
"1","25","""schwarz""","false","0","5","false","0.015556079074969791","""showerhead""","0.7316484909641703","1","0.1668547506925464","""off""","1018.94","5","1018.94"
"1","30","""schwarz""","false","0","5","false","0.013175496301506023","""showerhead""","0.7316484909641703","1","0.1668547506925464","""off""","1020.692","5","1018.94"
"1","35","""schwarz""","false","0","5","false","0.010564766230390325","""showerhead""","0.7316484909641703","1","0.1668547506925464","""off""","1022.98","5","1018.94"
"1","40","""schwarz""","false","0","5","false","0.015556079074969791","""showerhead""","1","1","0.3187403513614917","""off""","1034.98","5","1018.94"
"1","45","""schwarz""","false","0","5","false","0.015556079074969791","""showerhead""","0.7350332237596281","1","0.1668547506925464","""off""","1021.84","5","1018.94"
"1","50","""schwarz""","false","0","5","false","0.015556079074969791","""showerhead""","0.7316484909641703","1","0.4621277223367816","""off""","1016.392","5","1016.392"
"1","55","""schwarz""","false","0","5","false","0.013833433796652793","""showerhead""","0.7316484909641703","1","0.4621277223367816","""off""","1017.808","5","1016.392"
"1","60","""schwarz""","false","0","5","false","0.015556079074969791","""showerhead""","0.7316484909641703","1","0.44223982983978427","""off""","1016.692","5","1016.392"
"1","65","""schwarz""","false","0","5","false","0.015556079074969791","""showerhead""","0.7316484909641703","0.7910412842140337","0.44223982983978427","""off""","1032.42","5","1016.392"
"1","70","""schwarz""","false","0","5","false","0.01662679150443379","""showerhead""","0.7316484909641703","1","0.44223982983978427","""off""","1016.44","5","1016.392"
"1","75","""schwarz""","false","0","5","false","0.01662679150443379","""showerhead""","0.7316484909641703","1","0.33369559120565717","""off""","1016.392","5","1016.392"
"1","80","""schwarz""","false","0","5","false","0.0162394971982307","""showerhead""","0.7544629904636879","1","0.33369559120565717","""off""","1018.24","5","1016.392"
"1","85","""schwarz""","false","0","5","false","0.01662679150443379","""showerhead""","0.7316484909641703","1","0.345738482096831","""off""","1017.592","5","1016.392"
"1","90","""schwarz""","false","0","5","false","0.01662679150443379","""showerhead""","0.7316484909641703","1","0.4045623226412891","""off""","1015.74","5","1015.74"
"1","95","""schwarz""","false","0","5","false","0.010814495654482281","""showerhead""","0.7316484909641703","1","0.4045623226412891","""off""","1020.08","5","1015.74"
"1","100","""schwarz""","false","0","5","false","0.01662679150443379","""showerhead""","0.5734058818875556","1","0.4045623226412891","""off""","1031.42","5","1015.74"
"1","105","""schwarz""","false","0","5","false","0.01662679150443379","""showerhead""","0.8550712366072273","1","0.4045623226412891","""off""","1024.18","5","1015.74"
"1","110","""schwarz""","false","0","5","false","0.01662679150443379","""showerhead""","0.6351920161085792","1","0.4045623226412891","""off""","1021.42","5","1015.74"
"1","115","""schwarz""","false","0","5","false","0.01662679150443379","""showerhead""","0.7316484909641703","1","0.4805809171880256","""off""","1015.464","5","1015.464"
"1","120","""schwarz""","false","0","5","false","0.006860295464725467","""showerhead""","0.7316484909641703","1","0.4805809171880256","""off""","1026.58","5","1015.464"
"1","125","""schwarz""","false","0","5","false","0.016442697890201828","""showerhead""","0.7316484909641703","1","0.4805809171880256","""off""","1015.308","5","1015.308"
"1","130","""schwarz""","false","0","5","false","0.016442697890201828","""showerhead""","0.7316484909641703","1","0.49263785959335793","""off""","1015.492","5","1015.308"
"1","135","""schwarz""","false","0","5","false","0.016442697890201828","""showerhead""","0.7316484909641703","1","0.3917067783723597","""off""","1018.392","5","1015.308"
"1","140","""schwarz""","false","0","5","false","0.016442697890201828","""showerhead""","0.8030046909119956","1","0.49263785959335793","""off""","1017.492","5","1015.308"
"1","145","""schwarz""","false","0","5","false","0.024929969247923775","""showerhead""","0.7316484909641703","1","0.49263785959335793","""off""","47.32","5","47.32"
"1","150","""schwarz""","false","0","5","false","0.024929969247923775","""showerhead""","0.6844189997862293","1","0.49263785959335793","""off""","1039.82","5","47.32"
"1","155","""schwarz""","false","0","5","false","0.024929969247923775","""showerhead""","0.6960165529331281","1","0.49263785959335793","""off""","1043.62","5","47.32"
"1","160","""schwarz""","false","0","5","false","0.02402629198474867","""showerhead""","0.7316484909641703","1","0.49263785959335793","""off""","1031.22","5","47.32"
"1","165","""schwarz""","false","0","5","false","0.024929969247923775","""showerhead""","0.7316484909641703","1","0.5287417571110672","""off""","1028.62","5","47.32"
"1","170","""schwarz""","false","0","5","false","0.029540506481111894","""showerhead""","0.7316484909641703","1","0.5546170998892633","""off""","1040.62","5","47.32"
"1","175","""schwarz""","false","0","5","false","0.02649428507371861","""showerhead""","0.7316484909641703","1","0.49263785959335793","""off""","49.72","5","47.32"
"1","180","""schwarz""","false","0","5","false","0.024929969247923775","""showerhead""","0.7316484909641703","1","0.5315387204197005","""off""","1033.42","5","47.32"
"1","185","""schwarz""","false","0","5","false","0.024929969247923775","""showerhead""","0.7316484909641703","1","0.5549386413198296","""off""","1025.22","5","47.32"
"1","190","""schwarz""","false","0","5","false","0.024929969247923775","""showerhead""","0.7316484909641703","0.8685181617431672","0.49263785959335793","""off""","1051.62","5","47.32"
"1","195","""schwarz""","false","0","5","false","0.024929969247923775","""showerhead""","0.6256283160320492","1","0.49263785959335793","""off""","1047.72","5","47.32"
"1","200","""schwarz""","false","0","5","false","0.024929969247923775","""showerhead""","0.7316484909641703","1","0.5279570039956208","""off""","1030.22","5","47.32"
"1","205","""schwarz""","false","0","5","false","0.024929969247923775","""showerhead""","0.731556096924091","1","0.49263785959335793","""off""","1041.22","5","47.32"
"1","210","""schwarz""","false","0","5","false","0.024929969247923775","""showerhead""","0.7316484909641703","1","0.5850364285499223","""off""","1029.22","5","47.32"
"1","215","""schwarz""","false","0","5","false","0.024929969247923775","""showerhead""","0.9059578229276244","1","0.49263785959335793","""off""","1018.564","5","47.32"
"1","220","""schwarz""","false","0","5","false","0.01945158913205889","""showerhead""","0.7316484909641703","1","0.5568288888002937","""off""","1018.62","5","47.32"
"1","225","""schwarz""","false","0","5","false","0.025797806880306296","""showerhead""","0.7316484909641703","1","0.49263785959335793","""off""","1038.22","5","47.32"
"1","230","""schwarz""","false","0","5","false","0.024929969247923775","""showerhead""","0.7316484909641703","1","0.4979620856123207","""off""","1030.32","5","47.32"
"1","235","""schwarz""","false","0","5","false","0.024929969247923775","""showerhead""","0.7316484909641703","1","0.37751074017698055","""off""","1041.02","5","47.32"
"1","240","""schwarz""","false","0","5","false","0.024929969247923775","""showerhead""","0.8173016451384026","1","0.49263785959335793","""off""","1019.34","5","47.32"
"1","245","""schwarz""","false","0","5","false","0.024929969247923775","""showerhead""","0.7316484909641703","1","0.4336909892064217","""off""","1035.12","5","47.32"
"1","250","""schwarz""","false","0","5","false","0.024929969247923775","""showerhead""","0.7261460162252943","1","0.49263785959335793","""off""","1037.82","5","47.32"
"1","255","""schwarz""","false","0","5","false","0.02886723093095373","""showerhead""","0.7316484909641703","0.9476468619420886","0.49263785959335793","""off""","1055.22","5","47.32"
"1","260","""schwarz""","false","0","5","false","0.024929969247923775","""showerhead""","0.7625402233483831","1","0.49263785959335793","""off""","1026.92","5","47.32"
"1","265","""schwarz""","false","0","5","false","0.024929969247923775","""showerhead""","0.7316484909641703","1","0.5925965666169335","""off""","43.019999999999996","5","43.019999999999996"
"1","270","""schwarz""","false","0","5","false","0.024929969247923775","""showerhead""","0.636454094910512","1","0.649781639852004","""off""","1041.62","5","43.019999999999996"
"1","275","""schwarz""","false","0","5","false","0.024929969247923775","""showerhead""","0.7316484909641703","0.8559532993752789","0.5925965666169335","""off""","1052.52","5","43.019999999999996"
"1","280","""schwarz""","false","0","5","false","0.024929969247923775","""showerhead""","0.7316484909641703","1","0.5012099208163407","""off""","1040.22","5","43.019999999999996"
"1","285","""schwarz""","false","0","5","false","0.024929969247923775","""showerhead""","0.5518905558898815","1","0.5925965666169335","""off""","1053.32","5","43.019999999999996"
"1","290","""schwarz""","false","0","5","false","0.023153784586664963","""showerhead""","0.6899867239851144","1","0.5925965666169335","""off""","1033.32","5","43.019999999999996"
"1","295","""schwarz""","false","0","5","false","0.024929969247923775","""showerhead""","0.8410167824822483","1","0.5925965666169335","""off""","1019.74","5","43.019999999999996"
"1","300","""schwarz""","false","0","5","false","0.024929969247923775","""showerhead""","0.7316484909641703","1","0.5936430493714936","""off""","1028.62","5","43.019999999999996"
"2","5","""schwarz""","false","0","5","false","0.01390895856551043","""showerhead""","0.6021948432602109","0.11704827660351047","0.934713035570609","""off""","1054.02","5","1054.02"
"2","10","""schwarz""","false","0","5","false","0.017912342073458362","""showerhead""","0.6655866533367886","0.11704827660351047","0.892138733534024","""off""","1060.52","5","1054.02"
"2","15","""schwarz""","false","0","5","false","0.01390895856551043","""showerhead""","0.6021948432602109","0","0.934713035570609","""off""","1055.32","5","1054.02"
"2","20","""schwarz""","false","0","5","false","0.01390895856551043","""showerhead""","0.6765431277690401","0","0.934713035570609","""off""","1055.42","5","1054.02"
"2","25","""schwarz""","false","0","5","false","0.01390895856551043","""showerhead""","0.7852388012069088","0","0.934713035570609","""off""","1051.72","5","1051.72"
"2","30","""schwarz""","false","0","5","false","0.01390895856551043","""showerhead""","0.7524800376049748","0","0.934713035570609","""off""","1053.22","5","1051.72"
"2","35","""schwarz""","false","0","5","false","0.01390895856551043","""showerhead""","0.7524800376049748","0.10137583067022576","0.934713035570609","""off""","1051.22","5","1051.22"
"2","40","""schwarz""","false","0","5","false","0.01752264678842405","""showerhead""","0.7524800376049748","0.10137583067022576","0.934713035570609","""off""","1060.52","5","1051.22"
"2","45","""schwarz""","false","0","5","false","0.01390895856551043","""showerhead""","0.7524800376049748","0.10137583067022576","0.9851347546046649","""off""","1051.52","5","1051.22"
"2","50","""schwarz""","false","0","5","false","0.01390895856551043","""showerhead""","0.7674505862163805","0.10137583067022576","0.9851347546046649","""off""","1050.62","5","1050.62"
"2","55","""schwarz""","false","0","5","false","0.01390895856551043","""showerhead""","0.7525316585984497","0.10137583067022576","0.9851347546046649","""off""","1050.22","5","1050.22"
"2","60","""schwarz""","false","0","5","false","0.013439981931772404","""showerhead""","0.7525316585984497","0.10137583067022576","0.9851347546046649","""off""","1050.12","5","1050.12"
"2","65","""schwarz""","false","0","5","false","0.013439981931772404","""showerhead""","0.7525316585984497","0.10137583067022576","1","""off""","1049.62","5","1049.62"
"2","70","""schwarz""","false","0","5","false","0.013439981931772404","""showerhead""","0.7525316585984497","0.24949174016299805","1","""off""","1044.52","5","1044.52"
"2","75","""schwarz""","false","0","5","false","0.013439981931772404","""showerhead""","0.7723654137097729","0.24949174016299805","1","""off""","1044.62","5","1044.52"
"2","80","""schwarz""","false","0","5","false","0.013675941469620714","""showerhead""","0.7723654137097729","0.24949174016299805","1","""off""","1045.62","5","1044.52"
"2","85","""schwarz""","false","0","5","false","0.013439981931772404","""showerhead""","0.7723654137097729","0.2876018282779656","1","""off""","1043.22","5","1043.22"
"2","90","""schwarz""","false","0","5","false","0.01836008366211103","""showerhead""","0.7723654137097729","0.2876018282779656","1","""off""","1057.32","5","1043.22"
"2","95","""schwarz""","false","0","5","false","0.013439981931772404","""showerhead""","0.7723654137097729","0.19431292682314627","1","""off""","1044.32","5","1043.22"
"2","100","""schwarz""","false","0","5","false","0.013439981931772404","""showerhead""","0.9065004493443641","0.2876018282779656","1","""off""","1039.34","5","1039.34"
"2","105","""schwarz""","false","0","5","false","0.013626731189847639","""showerhead""","0.9065004493443641","0.2876018282779656","1","""off""","1037.04","5","1037.04"
"2","110","""schwarz""","false","0","5","false","0.013626731189847639","""showerhead""","0.892841081388305","0.2876018282779656","1","""off""","1040.62","5","1037.04"
"2","115","""schwarz""","false","0","5","false","0.013626731189847639","""showerhead""","1","0.2876018282779656","1","""off""","1037.812","5","1037.04"
"2","120","""schwarz""","false","0","5","false","0.013626731189847639","""showerhead""","0.8148659463623842","0.2876018282779656","1","""off""","1042.32","5","1037.04"
"2","125","""schwarz""","false","0","5","false","0.013626731189847639","""showerhead""","0.8780037674523316","0.2876018282779656","1","""off""","1042.52","5","1037.04"
"2","130","""schwarz""","false","0","5","false","0.013626731189847639","""showerhead""","0.9065004493443641","0.2515717055614616","1","""off""","1041.72","5","1037.04"
"2","135","""schwarz""","false","0","5","false","0.013626731189847639","""showerhead""","0.7349413938167335","0.2876018282779656","1","""off""","1045.52","5","1037.04"
"2","140","""schwarz""","false","0","5","false","0.013626731189847639","""showerhead""","0.9065004493443641","0.34306154926286575","1","""off""","1036.74","5","1036.74"
"2","145","""schwarz""","false","0","5","false","0.013626731189847639","""showerhead""","0.9065004493443641","0.44673792089089204","1","""off""","1030.412","5","1030.412"
"2","150","""schwarz""","false","0","5","false","0.012643310321418006","""showerhead""","0.9065004493443641","0.44673792089089204","1","""off""","1031.112","5","1030.412"
"2","155","""schwarz""","false","0","5","false","0.013626731189847639","""showerhead""","0.9065004493443641","0.3988264522994994","1","""off""","1034.64","5","1030.412"
"2","160","""schwarz""","false","0","5","false","0.013626731189847639","""showerhead""","0.8593542943992074","0.44673792089089204","1","""off""","1033.94","5","1030.412"
"2","165","""schwarz""","false","0","5","false","0.013626731189847639","""showerhead""","0.9065004493443641","0.6471974741159634","1","""off""","1023.212","5","1023.212"
"2","170","""schwarz""","false","0","5","false","0.015126546752442276","""showerhead""","0.9065004493443641","0.6471974741159634","1","""off""","1024.412","5","1023.212"
"2","175","""schwarz""","false","0","5","false","0.00925964009614225","""showerhead""","0.9065004493443641","0.6471974741159634","1","""off""","1019.312","5","1019.312"
"2","180","""schwarz""","false","0","5","false","0.016616824631435587","""showerhead""","0.9065004493443641","0.6471974741159634","1","""off""","1026.84","5","1019.312"
"2","185","""schwarz""","false","0","5","false","0.011398239331506906","""showerhead""","0.9065004493443641","0.6471974741159634","1","""off""","1020.412","5","1019.312"
"2","190","""schwarz""","false","0","5","false","0.00925964009614225","""showerhead""","0.9493018494605789","0.6471974741159634","1","""off""","1019.412","5","1019.312"
"2","195","""schwarz""","false","0","5","false","0.015363718405099617","""showerhead""","0.9493018494605789","0.6471974741159634","1","""off""","1024.912","5","1019.312"
"2","200","""schwarz""","false","0","5","false","0.00925964009614225","""showerhead""","0.9493018494605789","0.7272532741225805","1","""off""","1017.012","5","1017.012"
"2","205","""schwarz""","false","0","5","false","0.00764323884334726","""showerhead""","0.9493018494605789","0.7272532741225805","1","""off""","1017.464","5","1017.012"
"2","210","""schwarz""","false","0","5","false","0.00925964009614225","""showerhead""","1","0.7272532741225805","1","""off""","1018.864","5","1017.012"
"2","215","""schwarz""","false","0","5","false","0.00925964009614225","""showerhead""","0.9493018494605789","0.7077121052667101","1","""off""","1017.164","5","1017.012"
"2","220","""schwarz""","false","0","5","false","0.00925964009614225","""showerhead""","0.9493018494605789","0.7853023493772981","0.9337744229488372","""off""","1017.38","5","1017.012"
"2","225","""schwarz""","false","0","5","false","0.00925964009614225","""showerhead""","0.9493018494605789","0.6736109666049795","1","""off""","1019.012","5","1017.012"
"2","230","""schwarz""","false","0","5","false","0.00925964009614225","""showerhead""","0.8886127415601393","0.7077121052667101","1","""off""","1016.612","5","1016.612"
"2","235","""schwarz""","false","0","5","false","0.00925964009614225","""showerhead""","1","0.7077121052667101","1","""off""","1018.064","5","1016.612"
"2","240","""schwarz""","false","0","5","false","0.00925964009614225","""showerhead""","0.8886127415601393","0.7077121052667101","0.9173046981362989","""off""","1017.212","5","1016.612"
"2","245","""schwarz""","false","0","5","false","0.00925964009614225","""showerhead""","0.8510183403281442","0.7077121052667101","1","""off""","1016.112","5","1016.112"
"2","250","""schwarz""","false","0","5","false","0.00925964009614225","""showerhead""","0.8510183403281442","0.8402189878559083","1","""off""","1015.264","5","1015.264"
"2","255","""schwarz""","false","0","5","false","0.00925964009614225","""showerhead""","0.8510183403281442","0.8402189878559083","0.8246092725002407","""off""","1017.38","5","1015.264"
"2","260","""schwarz""","false","0","5","false","0.009666876020607744","""showerhead""","0.8510183403281442","0.8402189878559083","1","""off""","1015.98","5","1015.264"
"2","265","""schwarz""","false","0","5","false","0.00925964009614225","""showerhead""","0.8510183403281442","0.8933311772281738","1","""off""","1018.08","5","1015.264"
"2","270","""schwarz""","false","0","5","false","0.00925964009614225","""showerhead""","0.8510183403281442","0.8402189878559083","0.965123752101707","""off""","1016.28","5","1015.264"
"2","275","""schwarz""","false","0","5","false","0.00925964009614225","""showerhead""","0.8510183403281442","0.8402189878559083","0.8908758957643812","""off""","1016.664","5","1015.264"
"2","280","""schwarz""","false","0","5","false","0.006192553074768341","""showerhead""","0.8510183403281442","0.8402189878559083","1","""off""","1018.98","5","1015.264"
"2","285","""schwarz""","false","0","5","false","0.00925964009614225","""showerhead""","0.5417188126119328","0.8402189878559083","1","""off""","1008.24","5","1008.24"
"2","290","""schwarz""","false","0","5","false","0.0060168962373015455","""showerhead""","0.5417188126119328","0.8402189878559083","1","""off""","1011.508","5","1008.24"
"2","295","""schwarz""","false","0","5","false","0.011263931834543696","""showerhead""","0.5417188126119328","0.8402189878559083","1","""off""","1011.52","5","1008.24"
"2","300","""schwarz""","false","0","5","false","0.01736596933245701","""showerhead""","0.44229497096849907","0.8402189878559083","1","""off""","1040.42","5","1008.24"
"3","5","""schwarz""","false","0","5","false","0.014046498650003472","""showerhead""","0.5324847991770763","0.39225975842169525","0.876890717942241","""off""","1049.12","5","1049.12"
"3","10","""schwarz""","false","0","5","false","0.0044956690560098034","""showerhead""","0.5324847991770763","0.39225975842169525","0.876890717942241","""off""","1015.412","5","1015.412"
"3","15","""schwarz""","false","0","5","false","0.004","""showerhead""","0.5324847991770763","0.39225975842169525","0.7988593969237681","""off""","1014.712","5","1014.712"
"3","20","""schwarz""","false","0","5","false","0.004","""showerhead""","0.5324847991770763","0.39225975842169525","0.8626073849999834","""off""","1014.812","5","1014.712"
"3","25","""schwarz""","false","0","5","false","0.004","""showerhead""","0.40604165977261686","0.39225975842169525","0.8626073849999834","""off""","1012.612","5","1012.612"
"3","30","""schwarz""","false","0","5","false","0.004","""showerhead""","0.560335259762729","0.39225975842169525","0.8626073849999834","""off""","1014.812","5","1012.612"
"3","35","""schwarz""","false","0","5","false","0.004","""showerhead""","0.36654634604829384","0.37865988271998724","0.8626073849999834","""off""","1012.012","5","1012.012"
"3","40","""schwarz""","false","0","5","false","0.004","""showerhead""","0.36654634604829384","0.37865988271998724","0.9690727160629342","""off""","1011.84","5","1011.84"
"3","45","""schwarz""","false","0","5","false","0.004","""showerhead""","0.36654634604829384","0.37865988271998724","0.9873042966289975","""off""","1012.54","5","1011.84"
"3","50","""schwarz""","false","0","5","false","0.004","""showerhead""","0.36654634604829384","0.39401609947986843","0.9690727160629342","""off""","1013.412","5","1011.84"
"3","55","""schwarz""","false","0","5","false","0.004","""showerhead""","0.36654634604829384","0.37865988271998724","0.9337575780612974","""off""","1011.912","5","1011.84"
"3","60","""schwarz""","false","0","5","false","0.004","""showerhead""","0.36654634604829384","0.2701463179088187","0.9337575780612974","""off""","1014.512","5","1011.84"
"3","65","""schwarz""","false","0","5","false","0.004","""showerhead""","0.45985413576620515","0.37865988271998724","0.9337575780612974","""off""","1012.864","5","1011.84"
"3","70","""schwarz""","false","0","5","false","0.004","""showerhead""","0.45985413576620515","0.3111344317605247","0.9337575780612974","""off""","1014.112","5","1011.84"
"3","75","""schwarz""","false","0","5","false","0.004","""showerhead""","0.35290432762141116","0.2207815242685614","0.9337575780612974","""off""","1016.54","5","1011.84"
"3","80","""schwarz""","false","0","5","false","0.004","""showerhead""","0.4852793052918779","0.37865988271998724","0.9337575780612974","""off""","1012.612","5","1011.84"
"3","85","""schwarz""","false","0","5","false","0.004","""showerhead""","0.4852793052918779","0.37865988271998724","1","""off""","1013.412","5","1011.84"
"3","90","""schwarz""","false","0","5","false","0.004","""showerhead""","0.4744185269371643","0.27399177139712544","1","""off""","1015.012","5","1011.84"
"3","95","""schwarz""","false","0","5","false","0.004","""showerhead""","0.4852793052918779","0.4326000602397162","1","""off""","1011.364","5","1011.364"
"3","100","""schwarz""","false","0","5","false","0.004","""showerhead""","0.3898172141663044","0.4326000602397162","1","""off""","1009.812","5","1009.812"
"3","105","""schwarz""","false","0","5","false","0.004","""showerhead""","0.3898172141663044","0.525332077632681","1","""off""","1008.412","5","1008.412"
"3","110","""schwarz""","false","0","5","false","0.004","""showerhead""","0.3898172141663044","0.5563729160446571","1","""off""","1008.064","5","1008.064"
"3","115","""schwarz""","false","0","5","false","0.004","""showerhead""","0.3898172141663044","0.4465272703205686","1","""off""","1010.312","5","1008.064"
"3","120","""schwarz""","false","0","5","false","0.004","""showerhead""","0.4679755096951632","0.5742107430478257","1","""off""","1008.764","5","1008.064"
"3","125","""schwarz""","false","0","5","false","0.004","""showerhead""","0.44462988023281913","0.5563729160446571","1","""off""","1010.364","5","1008.064"
"3","130","""schwarz""","false","0","5","false","0.004","""showerhead""","0.3898172141663044","0.6253878049691419","1","""off""","1008.664","5","1008.064"
"3","135","""schwarz""","false","0","5","false","0.004","""showerhead""","0.3898172141663044","0.6712594552938204","1","""off""","1009.764","5","1008.064"
"3","140","""schwarz""","false","0","5","false","0.004","""showerhead""","0.3898172141663044","0.5563729160446571","0.9792492489795472","""off""","1008.964","5","1008.064"
"3","145","""schwarz""","false","0","5","false","0.004","""showerhead""","0.3898172141663044","0.34023470329084005","1","""off""","1012.112","5","1008.064"
"3","150","""schwarz""","false","0","5","false","0.004","""showerhead""","0.3898172141663044","0.5913100901499003","1","""off""","1009.664","5","1008.064"
"3","155","""schwarz""","false","0","5","false","0.004","""showerhead""","0.3898172141663044","0.5563729160446571","0.8768508944574303","""off""","1009.912","5","1008.064"
"3","160","""schwarz""","false","0","5","false","0.007851250050653949","""showerhead""","0.3898172141663044","0.5563729160446571","1","""off""","1020.52","5","1008.064"
"3","165","""schwarz""","false","0","5","false","0.004","""showerhead""","0.42817124050627653","0.5563729160446571","1","""off""","1010.18","5","1008.064"
"3","170","""schwarz""","false","0","5","false","0.004","""showerhead""","0.3898172141663044","0.6531906367722462","1","""off""","1009.864","5","1008.064"
"3","175","""schwarz""","false","0","5","false","0.004","""showerhead""","0.3898172141663044","0.5563729160446571","0.9297165561667045","""off""","1009.164","5","1008.064"
"3","180","""schwarz""","false","0","5","false","0.004","""showerhead""","0.3898172141663044","0.48120845536344925","1","""off""","1011.0120000000001","5","1008.064"
"3","185","""schwarz""","false","0","5","false","0.004","""showerhead""","0.3898172141663044","0.6639878265483679","1","""off""","1008.18","5","1008.064"
"3","190","""schwarz""","false","0","5","false","0.004","""showerhead""","0.4204102577143859","0.6639878265483679","1","""off""","1008.764","5","1008.064"
"3","195","""schwarz""","false","0","5","false","0.004","""showerhead""","0.5513345748489522","0.6639878265483679","1","""off""","1010.9639999999999","5","1008.064"
"3","200","""schwarz""","false","0","5","false","0.004","""showerhead""","0.3898172141663044","0.6639878265483679","0.9284744556533788","""off""","1010.28","5","1008.064"
"3","205","""schwarz""","false","0","5","false","0.004","""showerhead""","0.2840171169533441","0.6639878265483679","1","""off""","1007.88","5","1007.88"
"3","210","""schwarz""","false","0","5","false","0.00434624482827914","""showerhead""","0.25634366471753345","0.6639878265483679","1","""off""","1007.192","5","1007.192"
"3","215","""schwarz""","false","0","5","false","0.00434624482827914","""showerhead""","0.21622935563410478","0.6639878265483679","1","""off""","1006.992","5","1006.992"
"3","220","""schwarz""","false","0","5","false","0.004","""showerhead""","0.21622935563410478","0.6639878265483679","1","""off""","1007.58","5","1006.992"
"3","225","""schwarz""","false","0","5","false","0.00434624482827914","""showerhead""","0.29968591032263436","0.6639878265483679","1","""off""","1007.564","5","1006.992"
"3","230","""schwarz""","false","0","5","false","0.00434624482827914","""showerhead""","0.3521593458224255","0.6639878265483679","1","""off""","1008.308","5","1006.992"
"3","235","""schwarz""","false","0","5","false","0.00434624482827914","""showerhead""","0.23111475153081656","0.6639878265483679","1","""off""","1006.364","5","1006.364"
"3","240","""schwarz""","false","0","5","false","0.006877308680947029","""showerhead""","0.23111475153081656","0.6639878265483679","1","""off""","1014.92","5","1006.364"
"3","245","""schwarz""","false","0","5","false","0.00415380026191251","""showerhead""","0.23111475153081656","0.6639878265483679","1","""off""","1007.192","5","1006.364"
"3","250","""schwarz""","false","0","5","false","0.00434624482827914","""showerhead""","0.18008499497495212","0.6639878265483679","1","""off""","1006.192","5","1006.192"
"3","255","""schwarz""","false","0","5","false","0.00434624482827914","""showerhead""","0.19294538376087664","0.6639878265483679","1","""off""","1006.592","5","1006.192"
"3","260","""schwarz""","false","0","5","false","0.004","""showerhead""","0.18008499497495212","0.6639878265483679","1","""off""","1007.408","5","1006.192"
"3","265","""schwarz""","false","0","5","false","0.00434624482827914","""showerhead""","0.18008499497495212","0.5936370049190579","1","""off""","1007.164","5","1006.192"
"3","270","""schwarz""","false","0","5","false","0.00434624482827914","""showerhead""","0.240808603408964","0.6639878265483679","1","""off""","1005.492","5","1005.492"
"3","275","""schwarz""","false","0","5","false","0.00434624482827914","""showerhead""","0.21863496798704007","0.9469294435993467","1","""off""","1011.88","5","1005.492"
"3","280","""schwarz""","false","0","5","false","0.00434624482827914","""showerhead""","0.09954206718757544","0.6639878265483679","1","""off""","1005.592","5","1005.492"
"3","285","""schwarz""","false","0","5","false","0.004302669621864279","""showerhead""","0.09954206718757544","0.6639878265483679","1","""off""","1005.164","5","1005.164"
"3","290","""schwarz""","false","0","5","false","0.004302669621864279","""showerhead""","0","0.6639878265483679","1","""off""","1005.772","5","1005.164"
"3","295","""schwarz""","false","0","5","false","0.004302669621864279","""showerhead""","0.09954206718757544","0.6660884496714045","1","""off""","1005.892","5","1005.164"
"3","300","""schwarz""","false","0","5","false","0.008644950689174546","""showerhead""","0.09954206718757544","0.6639878265483679","1","""off""","1026.32","5","1005.164"
"4","5","""schwarz""","false","0","5","false","0.028591869039903902","""showerhead""","0.3283728212332805","0.940803890259176","0.4819946908909518","""off""","1067.02","5","1067.02"
"4","10","""schwarz""","false","0","5","false","0.02281558068772293","""showerhead""","0.3283728212332805","0.9475503444128861","0.4819946908909518","""off""","1061.72","5","1061.72"
"4","15","""schwarz""","false","0","5","false","0.02281558068772293","""showerhead""","0.45244453370343907","0.9475503444128861","0.4819946908909518","""off""","1057.32","5","1057.32"
"4","20","""schwarz""","false","0","5","false","0.02864510071451589","""showerhead""","0.45244453370343907","0.9475503444128861","0.4819946908909518","""off""","1065.72","5","1057.32"
"4","25","""schwarz""","false","0","5","false","0.02281558068772293","""showerhead""","0.3865747208704774","0.9475503444128861","0.4819946908909518","""off""","1060.52","5","1057.32"
"4","30","""schwarz""","false","0","5","false","0.02281558068772293","""showerhead""","0.3990435150205819","0.9475503444128861","0.4819946908909518","""off""","1059.12","5","1057.32"
"4","35","""schwarz""","false","0","5","false","0.02281558068772293","""showerhead""","0.35711515778417235","0.9475503444128861","0.4819946908909518","""off""","1059.72","5","1057.32"
"4","40","""schwarz""","false","0","5","false","0.02281558068772293","""showerhead""","0.3990435150205819","1","0.4819946908909518","""off""","1058.12","5","1057.32"
"4","45","""schwarz""","false","0","5","false","0.02281558068772293","""showerhead""","0.3990435150205819","1","0.3832622484848789","""off""","1059.12","5","1057.32"
"4","50","""schwarz""","false","0","5","false","0.023985217180745103","""showerhead""","0.3990435150205819","1","0.4819946908909518","""off""","1059.62","5","1057.32"
"4","55","""schwarz""","false","0","5","false","0.023985217180745103","""showerhead""","0.43365558867427706","1","0.4819946908909518","""off""","1059.42","5","1057.32"
"4","60","""schwarz""","false","0","5","false","0.023951359967347336","""showerhead""","0.43365558867427706","1","0.4819946908909518","""off""","1058.22","5","1057.32"
"4","65","""schwarz""","false","0","5","false","0.023951359967347336","""showerhead""","0.43365558867427706","1","0.5177055816907944","""off""","1058.72","5","1057.32"
"4","70","""schwarz""","false","0","5","false","0.023951359967347336","""showerhead""","0.42341838562338097","1","0.620665241980757","""off""","1057.92","5","1057.32"
"4","75","""schwarz""","false","0","5","false","0.023951359967347336","""showerhead""","0.4381335970915525","1","0.620665241980757","""off""","1056.72","5","1056.72"
"4","80","""schwarz""","false","0","5","false","0.023951359967347336","""showerhead""","0.4381335970915525","1","0.7529259076129748","""off""","1053.62","5","1053.62"
"4","85","""schwarz""","false","0","5","false","0.023951359967347336","""showerhead""","0.4868320841784868","1","0.7529259076129748","""off""","1051.52","5","1051.52"
"4","90","""schwarz""","false","0","5","false","0.023951359967347336","""showerhead""","0.4868320841784868","1","0.6921034083507691","""off""","1053.12","5","1051.52"
"4","95","""schwarz""","false","0","5","false","0.023951359967347336","""showerhead""","0.4868320841784868","0.9624080331025318","0.7529259076129748","""off""","1052.72","5","1051.52"
"4","100","""schwarz""","false","0","5","false","0.023951359967347336","""showerhead""","0.4868320841784868","1","0.8015152166813382","""off""","1051.32","5","1051.32"
"4","105","""schwarz""","false","0","5","false","0.023951359967347336","""showerhead""","0.4189380794160148","1","0.8015152166813382","""off""","1055.02","5","1051.32"
"4","110","""schwarz""","false","0","5","false","0.023951359967347336","""showerhead""","0.280172987601332","1","0.8015152166813382","""off""","1060.42","5","1051.32"
"4","115","""schwarz""","false","0","5","false","0.023951359967347336","""showerhead""","0.4868320841784868","0.9724926085145607","0.8015152166813382","""off""","1052.62","5","1051.32"
"4","120","""schwarz""","false","0","5","false","0.023951359967347336","""showerhead""","0.4868320841784868","0.8835911877322712","0.8015152166813382","""off""","1058.72","5","1051.32"
"4","125","""schwarz""","false","0","5","false","0.023951359967347336","""showerhead""","0.5683931151367886","1","0.8015152166813382","""off""","1036.62","5","1036.62"
"4","130","""schwarz""","false","0","5","false","0.02236191706322454","""showerhead""","0.5683931151367886","1","0.8015152166813382","""off""","1033.82","5","1033.82"
"4","135","""schwarz""","false","0","5","false","0.02236191706322454","""showerhead""","0.5683931151367886","0.9500513101964362","0.8015152166813382","""off""","1044.92","5","1033.82"
"4","140","""schwarz""","false","0","5","false","0.02236191706322454","""showerhead""","0.5683931151367886","0.810907120701741","0.8015152166813382","""off""","1055.42","5","1033.82"
"4","145","""schwarz""","false","0","5","false","0.018432627447131776","""showerhead""","0.5683931151367886","1","0.8015152166813382","""off""","1015.12","5","1015.12"
"4","150","""schwarz""","false","0","5","false","0.018432627447131776","""showerhead""","0.5683931151367886","0.9225879576263296","0.8015152166813382","""off""","1031.32","5","1015.12"
"4","155","""schwarz""","false","0","5","false","0.018432627447131776","""showerhead""","0.5683931151367886","1","0.9045393391446703","""off""","1021.92","5","1015.12"
"4","160","""schwarz""","false","0","5","false","0.018432627447131776","""showerhead""","0.5683931151367886","1","0.7796473843305572","""off""","1026.82","5","1015.12"
"4","165","""schwarz""","false","0","5","false","0.022128294537539724","""showerhead""","0.5683931151367886","1","0.8015152166813382","""off""","1033.82","5","1015.12"
"4","170","""schwarz""","false","0","5","false","0.018432627447131776","""showerhead""","0.6000323544189622","1","0.8015152166813382","""off""","1020.52","5","1015.12"
"4","175","""schwarz""","false","0","5","false","0.018432627447131776","""showerhead""","0.5683931151367886","1","0.9887252625139591","""off""","1013.02","5","1013.02"
"4","180","""schwarz""","false","0","5","false","0.018432627447131776","""showerhead""","0.5683931151367886","1","1","""off""","1011.72","5","1011.72"
"4","185","""schwarz""","false","0","5","false","0.018432627447131776","""showerhead""","0.6383034021425779","1","1","""off""","1008.472","5","1008.472"
"4","190","""schwarz""","false","0","5","false","0.018432627447131776","""showerhead""","0.6383034021425779","0.8885920501231229","1","""off""","29.119999999999997","5","29.119999999999997"
"4","195","""schwarz""","false","0","5","false","0.018432627447131776","""showerhead""","0.6851437983426719","0.8885920501231229","1","""off""","1014.42","5","29.119999999999997"
"4","200","""schwarz""","false","0","5","false","0.018432627447131776","""showerhead""","0.6383034021425779","0.8885920501231229","0.9819147719543037","""off""","1016.72","5","29.119999999999997"
"4","205","""schwarz""","false","0","5","false","0.018432627447131776","""showerhead""","0.6572655422231903","0.8885920501231229","1","""off""","1021.72","5","29.119999999999997"
"4","210","""schwarz""","false","0","5","false","0.018432627447131776","""showerhead""","0.5650042838934463","0.8885920501231229","1","""off""","1028.82","5","29.119999999999997"
"4","215","""schwarz""","false","0","5","false","0.018432627447131776","""showerhead""","0.6383034021425779","0.7922045728646774","1","""off""","1033.72","5","29.119999999999997"
"4","220","""schwarz""","false","0","5","false","0.018432627447131776","""showerhead""","0.6383034021425779","0.918060715574458","1","""off""","1012.92","5","29.119999999999997"
"4","225","""schwarz""","false","0","5","false","0.016918916941057377","""showerhead""","0.6383034021425779","0.8885920501231229","1","""off""","1015.92","5","29.119999999999997"
"4","230","""schwarz""","false","0","5","false","0.024728070280894472","""showerhead""","0.6383034021425779","0.8885920501231229","1","""off""","1045.32","5","29.119999999999997"
"4","235","""schwarz""","false","0","5","false","0.018432627447131776","""showerhead""","0.6373436974523222","0.8885920501231229","1","""off""","1016.82","5","29.119999999999997"
"4","240","""schwarz""","false","0","5","false","0.018432627447131776","""showerhead""","0.5604457382519912","0.8885920501231229","1","""off""","1026.52","5","29.119999999999997"
"4","245","""schwarz""","false","0","5","false","0.018432627447131776","""showerhead""","0.6383034021425779","0.8885920501231229","0.9366925977596418","""off""","1020.92","5","29.119999999999997"
"4","250","""schwarz""","false","0","5","false","0.018432627447131776","""showerhead""","0.6839255538920862","0.8885920501231229","1","""off""","1016.52","5","29.119999999999997"
"4","255","""schwarz""","false","0","5","false","0.018432627447131776","""showerhead""","0.7009738153279055","0.8885920501231229","1","""off""","1013.92","5","29.119999999999997"
"4","260","""schwarz""","false","0","5","false","0.018432627447131776","""showerhead""","0.4628819095934774","0.8885920501231229","1","""off""","1040.72","5","29.119999999999997"
"4","265","""schwarz""","false","0","5","false","0.018432627447131776","""showerhead""","0.7644821269323206","0.8885920501231229","1","""off""","1011.54","5","29.119999999999997"
"4","270","""schwarz""","false","0","5","false","0.018432627447131776","""showerhead""","0.6383034021425779","0.8132464584120873","1","""off""","1032.72","5","29.119999999999997"
"4","275","""schwarz""","false","0","5","false","0.018432627447131776","""showerhead""","0.6383034021425779","0.8885920501231229","0.9512450845601647","""off""","1023.02","5","29.119999999999997"
"4","280","""schwarz""","false","0","5","false","0.018432627447131776","""showerhead""","0.6581133523462182","0.8885920501231229","1","""off""","1019.22","5","29.119999999999997"
"4","285","""schwarz""","false","0","5","false","0.018432627447131776","""showerhead""","0.6023455066270521","0.8885920501231229","1","""off""","1023.92","5","29.119999999999997"
"4","290","""schwarz""","false","0","5","false","0.018432627447131776","""showerhead""","0.6383034021425779","0.8885920501231229","0.9302394327798815","""off""","1026.02","5","29.119999999999997"
"4","295","""schwarz""","false","0","5","false","0.0184322","5","1031.72"
"4","220","""schwarz""","false","0","5","false","0.012622857985801416","""showerhead""","0.5021264619576349","0.5096622493399054","0.9853494064746621","""off""","1035.72","5","1031.72"
"4","225","""schwarz""","false","0","5","false","0.012622857985801416","""showerhead""","0.5021264619576349","0.5761926677904222","0.8759530872953695","""off""","1038.32","5","1031.72"
"4","230","""schwarz""","false","0","5","false","0.013464660152314243","""showerhead""","0.5021264619576349","0.5761926677904222","0.9853494064746621","""off""","1039.32","5","1031.72"
"4","235","""schwarz""","false","0","5","false","0.012622857985801416","""showerhead""","0.5021264619576349","0.5761926677904222","1","""off""","1037.42","5","1031.72"
"4","240","""schwarz""","false","0","5","false","0.012622857985801416","""showerhead""","0.5021264619576349","0.5728063172271942","0.9853494064746621","""off""","1035.42","5","1031.72"
"4","245","""schwarz""","false","0","5","false","0.012622857985801416","""showerhead""","0.5021264619576349","0.5415342417661013","0.9853494064746621","""off""","1040.52","5","1031.72"
"4","250","""schwarz""","false","0","5","false","0.016052818393086348","""showerhead""","0.5021264619576349","0.5761926677904222","0.9853494064746621","""off""","1047.42","5","1031.72"
"4","255","""schwarz""","false","0","5","false","0.012622857985801416","""showerhead""","0.45572156386501994","0.5761926677904222","0.9853494064746621","""off""","1038.32","5","1031.72"
"4","260","""schwarz""","false","0","5","false","0.012622857985801416","""showerhead""","0.5021264619576349","0.591004136769849","0.9853494064746621","""off""","1036.32","5","1031.72"
"4","265","""schwarz""","false","0","5","false","0.012622857985801416","""showerhead""","0.5021264619576349","0.5761926677904222","0.9092226788693418","""off""","1037.02","5","1031.72"
"4","270","""schwarz""","false","0","5","false","0.012622857985801416","""showerhead""","0.6245046623785","0.5761926677904222","1","""off""","1031.82","5","1031.72"
"4","275","""schwarz""","false","0","5","false","0.012622857985801416","""showerhead""","0.6245046623785","0.5761926677904222","0.9220699002960092","""off""","1031.62","5","1031.62"
"4","280","""schwarz""","false","0","5","false","0.012622857985801416","""showerhead""","0.6245046623785","0.5761926677904222","0.7568438058076143","""off""","1032.14","5","1031.62"
"4","285","""schwarz""","false","0","5","false","0.012622857985801416","""showerhead""","0.6245046623785","0.5761926677904222","0.8561974495293638","""off""","1033.12","5","1031.62"
"4","290","""schwarz""","false","0","5","false","0.012622857985801416","""showerhead""","0.6245046623785","0.5761926677904222","0.9852452006517299","""off""","1029.22","5","1029.22"
"4","295","""schwarz""","false","0","5","false","0.017126967392644944","""showerhead""","0.6245046623785","0.5761926677904222","0.9852452006517299","""off""","1048.62","5","1029.22"
"4","300","""schwarz""","false","0","5","false","0.012240072919057585","""showerhead""","0.6245046623785","0.5761926677904222","0.9852452006517299","""off""","1030.62","5","1029.22"
"5","5","""schwarz""","false","0","5","false","0.026880980386762374","""showerhead""","0.7572838819835407","0.4811199431703216","0.8356120870253894","""off""","1066.72","5","1066.72"
"5","10","""schwarz""","false","0","5","false","0.024503448725499765","""showerhead""","0.7572838819835407","0.4811199431703216","0.8356120870253894","""off""","1063.22","5","1063.22"
"5","15","""schwarz""","false","0","5","false","0.024362141064380838","""showerhead""","0.7572838819835407","0.4811199431703216","0.8356120870253894","""off""","1063.92","5","1063.22"
"5","20","""schwarz""","false","0","5","false","0.023229413516355803","""showerhead""","0.7572838819835407","0.4811199431703216","0.8356120870253894","""off""","1063.02","5","1063.02"
"5","25","""schwarz""","false","0","5","false","0.023229413516355803","""showerhead""","0.7572838819835407","0.5210288594251554","0.8356120870253894","""off""","1060.72","5","1060.72"
"5","30","""schwarz""","false","0","5","false","0.023229413516355803","""showerhead""","0.7572838819835407","0.5210288594251554","0.8610962092782463","""off""","1063.42","5","1060.72"
"5","35","""schwarz""","false","0","5","false","0.023229413516355803","""showerhead""","0.7572838819835407","0.5210288594251554","0.7629080490410484","""off""","1061.22","5","1060.72"
"5","40","""schwarz""","false","0","5","false","0.019124999617887998","""showerhead""","0.7572838819835407","0.5210288594251554","0.7629080490410484","""off""","1055.92","5","1055.92"
"5","45","""schwarz""","false","0","5","false","0.019124999617887998","""showerhead""","0.7572838819835407","0.4265211632448799","0.7629080490410484","""off""","1055.42","5","1055.42"
"5","50","""schwarz""","false","0","5","false","0.019124999617887998","""showerhead""","0.7006238820290059","0.4265211632448799","0.7629080490410484","""off""","1059.42","5","1055.42"
"5","55","""schwarz""","false","0","5","false","0.019124999617887998","""showerhead""","0.7572838819835407","0.5143525039588371","0.7629080490410484","""off""","1054.92","5","1054.92"
"5","60","""schwarz""","false","0","5","false","0.02064999355597629","""showerhead""","0.7572838819835407","0.5143525039588371","0.7629080490410484","""off""","1059.22","5","1054.92"
"5","65","""schwarz""","false","0","5","false","0.019124999617887998","""showerhead""","0.7572838819835407","0.38598421348701806","0.7629080490410484","""off""","1057.62","5","1054.92"
"5","70","""schwarz""","false","0","5","false","0.019110848628080126","""showerhead""","0.7572838819835407","0.5143525039588371","0.7629080490410484","""off""","1053.62","5","1053.62"
"5","75","""schwarz""","false","0","5","false","0.017732536177860452","""showerhead""","0.7572838819835407","0.5700060480084062","0.7629080490410484","""off""","1050.02","5","1050.02"
"5","80","""schwarz""","false","0","5","false","0.022537295891350242","""showerhead""","0.7572838819835407","0.5700060480084062","0.7629080490410484","""off""","1059.72","5","1050.02"
"5","85","""schwarz""","false","0","5","false","0.017732536177860452","""showerhead""","0.7572838819835407","0.5700060480084062","0.7429823017059628","""off""","1047.92","5","1047.92"
"5","90","""schwarz""","false","0","5","false","0.017732536177860452","""showerhead""","0.8927670587987221","0.5700060480084062","0.7429823017059628","""off""","1037.82","5","1037.82"
"5","95","""schwarz""","false","0","5","false","0.017732536177860452","""showerhead""","1","0.5700060480084062","0.7429823017059628","""off""","1033.44","5","1033.44"
"5","100","""schwarz""","false","0","5","false","0.017732536177860452","""showerhead""","0.8859908065948543","0.5700060480084062","0.7429823017059628","""off""","1043.12","5","1033.44"
"5","105","""schwarz""","false","0","5","false","0.017732536177860452","""showerhead""","1","0.5700060480084062","0.5939811177028823","""off""","1039.92","5","1033.44"
"5","110","""schwarz""","false","0","5","false","0.015860903784669395","""showerhead""","1","0.5700060480084062","0.7429823017059628","""off""","1034.512","5","1033.44"
"5","115","""schwarz""","false","0","5","false","0.01794068328760509","""showerhead""","1","0.5700060480084062","0.7429823017059628","""off""","1034.412","5","1033.44"
"5","120","""schwarz""","false","0","5","false","0.024594573922379955","""showerhead""","1","0.5700060480084062","0.7429823017059628","""off""","1054.62","5","1033.44"
"5","125","""schwarz""","false","0","5","false","0.017732536177860452","""showerhead""","1","0.5700060480084062","0.8125237783443562","""off""","1032.612","5","1032.612"
"5","130","""schwarz""","false","0","5","false","0.017732536177860452","""showerhead""","0.9141012501117249","0.5700060480084062","0.8125237783443562","""off""","1038.64","5","1032.612"
"5","135","""schwarz""","false","0","5","false","0.01571521198068367","""showerhead""","1","0.5700060480084062","0.8125237783443562","""off""","1033.112","5","1032.612"
"5","140","""schwarz""","false","0","5","false","0.015793178810248994","""showerhead""","1","0.5700060480084062","0.830733315686871","""off""","1032.912","5","1032.612"
"5","145","""schwarz""","false","0","5","false","0.0157