"search-number","evaluation","number-of-nodes*","network-method*","technology-diffusion-method*","word-of-mouth?*","seeding-percentage*","debug?*","innovation*","p_leader_social*","p_mainstream_social*","p_hedonistic_social*","fitness","num-replicates","best-fitness-so-far"
"1","1","1000","""suslab""","""schwarz""","false","0","false","""showerhead""","0.8367744251128066","0.7686746328183893","0.5218224090779017","22.357","1","22.357"
"1","2","1000","""suslab""","""schwarz""","false","0","false","""showerhead""","0.8287454036655516","0.7686746328183893","0.5218224090779017","20.655000000000005","1","20.655000000000005"
"1","3","1000","""suslab""","""schwarz""","false","0","false","""showerhead""","0.8287454036655516","0.764648511835795","0.5218224090779017","24.026000000000003","1","20.655000000000005"
"1","4","1000","""suslab""","""schwarz""","false","0","false","""showerhead""","1","0.7686746328183893","0.5218224090779017","26.607000000000003","1","20.655000000000005"
"1","5","1000","""suslab""","""schwarz""","false","0","false","""showerhead""","0.8957572916459721","0.7686746328183893","0.5218224090779017","24.015","1","20.655000000000005"
"1","6","1000","""suslab""","""schwarz""","false","0","false","""showerhead""","0.8287454036655516","0.7567752015036409","0.5218224090779017","23.738999999999997","1","20.655000000000005"
"1","7","1000","""suslab""","""schwarz""","false","0","false","""showerhead""","0.9173345273011687","0.7686746328183893","0.5218224090779017","26.122","1","20.655000000000005"
"1","8","1000","""suslab""","""schwarz""","false","0","false","""showerhead""","0.8287454036655516","0.6978809207867409","0.5218224090779017","18.096","1","18.096"
"1","9","1000","""suslab""","""schwarz""","false","0","false","""showerhead""","0.8287454036655516","0.6978809207867409","0.6319956658851065","20.388000000000005","1","18.096"
"1","10","1000","""suslab""","""schwarz""","false","0","false","""showerhead""","0.8287454036655516","0.6978809207867409","0.5833715950663216","20.711","1","18.096"
"1","11","1000","""suslab""","""schwarz""","false","0","false","""showerhead""","0.8287454036655516","0.5452367858416276","0.5218224090779017","19.090999999999998","1","18.096"
"1","12","1000","""suslab""","""schwarz""","false","0","false","""showerhead""","0.7383238944769779","0.5181128991083152","0.5218224090779017","20.519","1","18.096"
"1","13","1000","""suslab""","""schwarz""","false","0","false","""showerhead""","0.8287454036655516","0.5452367858416276","0.5085112512025438","18.778000000000002","1","18.096"
"1","14","1000","""suslab""","""schwarz""","false","0","false","""showerhead""","0.8138649567950657","0.5452367858416276","0.5085112512025438","17.070999999999998","1","17.070999999999998"
"1","15","1000","""suslab""","""schwarz""","false","0","false","""showerhead""","0.6048885538588149","0.5452367858416276","0.5085112512025438","13.977999999999998","1","13.977999999999998"
"1","16","1000","""suslab""","""schwarz""","false","0","false","""showerhead""","0.6048885538588149","0.5528587717874084","0.5085112512025438","16.42","1","13.977999999999998"
"1","17","1000","""suslab""","""schwarz""","false","0","false","""showerhead""","0.6048885538588149","0.5452367858416276","0.3272300135749283","17.872999999999998","1","13.977999999999998"
"1","18","1000","""suslab""","""schwarz""","false","0","false","""showerhead""","0.6048885538588149","0.5452367858416276","0.49320665697072974","18.698","1","13.977999999999998"
"1","19","1000","""suslab""","""schwarz""","false","0","false","""showerhead""","0.7016865891647871","0.5452367858416276","0.5085112512025438","17.462","1","13.977999999999998"
"1","20","1000","""suslab""","""schwarz""","false","0","false","""showerhead""","0.6096260530891303","0.5452367858416276","0.5085112512025438","18.614000000000004","1","13.977999999999998"
"1","21","1000","""suslab""","""schwarz""","false","0","false","""showerhead""","0.6048885538588149","0.5396678245260823","0.5085112512025438","14.344000000000001","1","13.977999999999998"
"1","22","1000","""suslab""","""schwarz""","false","0","false","""showerhead""","0.6048885538588149","0.5871601708854435","0.5085112512025438","15.832999999999998","1","13.977999999999998"
"1","23","1000","""suslab""","""schwarz""","false","0","false","""showerhead""","0.5244012258149968","0.5396678245260823","0.5085112512025438","17.948","1","13.977999999999998"
"1","24","1000","""suslab""","""schwarz""","false","0","false","""showerhead""","0.5386147713441048","0.5396678245260823","0.3426546627049506","15.002000000000002","1","13.977999999999998"
"1","25","1000","""suslab""","""schwarz""","false","0","false","""showerhead""","0.6048885538588149","0.5396678245260823","0.4212169285238513","17.575000000000003","1","13.977999999999998"
"1","26","1000","""suslab""","""schwarz""","false","0","false","""showerhead""","0.6048885538588149","0.5396678245260823","0.6132717633561919","15.462999999999997","1","13.977999999999998"
"1","27","1000","""suslab""","""schwarz""","false","0","false","""showerhead""","0.5074836271108776","0.5396678245260823","0.5085112512025438","13.072","1","13.072"
"1","28","1000","""suslab""","""schwarz""","false","0","false","""showerhead""","0.5389617884391165","0.5396678245260823","0.5085112512025438","15.187000000000001","1","13.072"
"1","29","1000","""suslab""","""schwarz""","false","0","false","""showerhead""","0.4860621887664985","0.5396678245260823","0.5085112512025438","14.391000000000002","1","13.072"
"1","30","1000","""suslab""","""schwarz""","false","0","false","""showerhead""","0.5074836271108776","0.5396678245260823","0.4580217287544531","15.088999999999999","1","13.072"
"1","31","1000","""suslab""","""schwarz""","false","0","false","""showerhead""","0.5074836271108776","0.6387920357154104","0.5085112512025438","17.676","1","13.072"
"1","32","1000","""suslab""","""schwarz""","false","0","false","""showerhead""","0.5074836271108776","0.5306734095148996","0.5085112512025438","13.729","1","13.072"
"1","33","1000","""suslab""","""schwarz""","false","0","false","""showerhead""","0.5074836271108776","0.5122207846448188","0.5085112512025438","12.421999999999997","1","12.421999999999997"
"1","34","1000","""suslab""","""schwarz""","false","0","false","""showerhead""","0.5074836271108776","0.3905140666662388","0.5085112512025438","18.545","1","12.421999999999997"
"1","35","1000","""suslab""","""schwarz""","false","0","false","""showerhead""","0.5074836271108776","0.4434581209483394","0.5085112512025438","16.592","1","12.421999999999997"
"1","36","1000","""suslab""","""schwarz""","false","0","false","""showerhead""","0.5074836271108776","0.5122207846448188","0.5090999059230108","16.018","1","12.421999999999997"
"1","37","1000","""suslab""","""schwarz""","false","0","false","""showerhead""","0.5074836271108776","0.5268101226534415","0.5085112512025438","13.060999999999998","1","12.421999999999997"
"1","38","1000","""suslab""","""schwarz""","false","0","false","""showerhead""","0.5074836271108776","0.5122207846448188","0.6711703693085501","12.647000000000002","1","12.421999999999997"
"1","39","1000","""suslab""","""schwarz""","false","0","false","""showerhead""","0.5074836271108776","0.4017721223398139","0.6711703693085501","14.61","1","12.421999999999997"
"1","40","1000","""suslab""","""schwarz""","false","0","false","""showerhead""","0.5074836271108776","0.5899833698825755","0.6711703693085501","12.671","1","12.421999999999997"
"1","41","1000","""suslab""","""schwarz""","false","0","false","""showerhead""","0.5074836271108776","0.5899833698825755","0.6228170659454454","15.43","1","12.421999999999997"
"1","42","1000","""suslab""","""schwarz""","false","0","false","""showerhead""","0.5074836271108776","0.36789495757838775","0.6711703693085501","15.241999999999999","1","12.421999999999997"
"1","43","1000","""suslab""","""schwarz""","false","0","false","""showerhead""","0.5074836271108776","0.5899833698825755","0.7536333602153761","12.434000000000001","1","12.421999999999997"
"1","44","1000","""suslab""","""schwarz""","false","0","false","""showerhead""","0.5074836271108776","0.5036539648753307","0.7536333602153761","12.4","1","12.4"
"1","45","1000","""suslab""","""schwarz""","false","0","false","""showerhead""","0.5074836271108776","0.5036539648753307","0.8903530237907255","11.178999999999998","1","11.178999999999998"
"1","46","1000","""suslab""","""schwarz""","false","0","false","""showerhead""","0.4583704008346759","0.5036539648753307","0.8903530237907255","11.073999999999998","1","11.073999999999998"
"1","47","1000","""suslab""","""schwarz""","false","0","false","""showerhead""","0.5876808818425058","0.5036539648753307","0.8903530237907255","13.664","1","11.073999999999998"
"1","48","1000","""suslab""","""schwarz""","false","0","false","""showerhead""","0.4583704008346759","0.5036539648753307","0.8411004112403841","10.551000000000002","1","10.551000000000002"
"1","49","1000","""suslab""","""schwarz""","false","0","false","""showerhead""","0.48929953758300976","0.5036539648753307","0.8411004112403841","12.255999999999998","1","10.551000000000002"
"1","50","1000","""suslab""","""schwarz""","false","0","false","""showerhead""","0.4583704008346759","0.5409353688064376","0.8411004112403841","12.299000000000001","1","10.551000000000002"
"1","51","1000","""suslab""","""schwarz""","false","0","false","""showerhead""","0.24806821328307285","0.5036539648753307","0.8411004112403841","8.945","1","8.945"
"1","52","1000","""suslab""","""schwarz""","false","0","false","""showerhead""","0.24806821328307285","0.5036539648753307","0.7903954245487307","7.933000000000001","1","7.933000000000001"
"1","53","1000","""suslab""","""schwarz""","false","0","false","""showerhead""","0.24806821328307285","0.5036539648753307","0.7482144583114221","9.259","1","7.933000000000001"
"1","54","1000","""suslab""","""schwarz""","false","0","false","""showerhead""","0.24806821328307285","0.5036539648753307","0.7449361099281897","10.607","1","7.933000000000001"
"1","55","1000","""suslab""","""schwarz""","false","0","false","""showerhead""","0.24806821328307285","0.5036539648753307","0.9371268041417201","6.930999999999999","1","6.930999999999999"
"1","56","1000","""suslab""","""schwarz""","false","0","false","""showerhead""","0.19139157684469335","0.5036539648753307","0.9371268041417201","7.725","1","6.930999999999999"
"1","57","1000","""suslab""","""schwarz""","false","0","false","""showerhead""","0.17893243847283902","0.5036539648753307","0.9371268041417201","6.082999999999998","1","6.082999999999998"
"1","58","1000","""suslab""","""schwarz""","false","0","false","""showerhead""","0.17893243847283902","0.5036539648753307","1","7.120999999999999","1","6.082999999999998"
"1","59","1000","""suslab""","""schwarz""","false","0","false","""showerhead""","0.12475467400741602","0.5036539648753307","0.9371268041417201","8.496","1","6.082999999999998"
"1","60","1000","""suslab""","""schwarz""","false","0","false","""showerhead""","0.17893243847283902","0.6196222491427841","0.9371268041417201","6.81","1","6.082999999999998"
"1","61","1000","""suslab""","""schwarz""","false","0","false","""showerhead""","0.2831595600610007","0.5036539648753307","0.9371268041417201","7.626999999999999","1","6.082999999999998"
"1","62","1000","""suslab""","""schwarz""","false","0","false","""showerhead""","0.1439556909217164","0.5036539648753307","0.9371268041417201","4.958999999999999","1","4.958999999999999"
"1","63","1000","""suslab""","""schwarz""","false","0","false","""showerhead""","0.1439556909217164","0.49900860931736585","0.9371268041417201","6.713999999999999","1","4.958999999999999"
"1","64","1000","""suslab""","""schwarz""","false","0","false","""showerhead""","0.1439556909217164","0.39854294526931106","0.9371268041417201","8.753000000000002","1","4.958999999999999"
"1","65","1000","""suslab""","""schwarz""","false","0","false","""showerhead""","0.1439556909217164","0.5053941192088194","0.9371268041417201","6.922","1","4.958999999999999"
"1","66","1000","""suslab""","""schwarz""","false","0","false","""showerhead""","0.1439556909217164","0.5036539648753307","0.8511516948412822","6.7490000000000006","1","4.958999999999999"
"1","67","1000","""suslab""","""schwarz""","false","0","false","""showerhead""","0.1439556909217164","0.5036539648753307","1","6.305999999999999","1","4.958999999999999"
"1","68","1000","""suslab""","""schwarz""","false","0","false","""showerhead""","0.1439556909217164","0.48523400107046716","0.9371268041417201","9.106","1","4.958999999999999"
"1","69","1000","""suslab""","""schwarz""","false","0","false","""showerhead""","0.1091505804873883","0.5036539648753307","0.9371268041417201","5.891000000000001","1","4.958999999999999"
"1","70","1000","""suslab""","""schwarz""","false","0","false","""showerhead""","0.12441778761402236","0.5036539648753307","0.9371268041417201","5.066000000000001","1","4.958999999999999"
"1","71","1000","""suslab""","""schwarz""","false","0","false","""showerhead""","0.19015025705244354","0.5036539648753307","0.9371268041417201","7.266000000000001","1","4.958999999999999"
"1","72","1000","""suslab""","""schwarz""","false","0","false","""showerhead""","0.028520622195044365","0.5036539648753307","0.9371268041417201","4.715","1","4.715"
"1","73","1000","""suslab""","""schwarz""","false","0","false","""showerhead""","0.028520622195044365","0.45676916786220967","0.9371268041417201","6.9780000000000015","1","4.715"
"1","74","1000","""suslab""","""schwarz""","false","0","false","""showerhead""","0.1784878459336189","0.5036539648753307","0.9371268041417201","6.723000000000001","1","4.715"
"1","75","1000","""suslab""","""schwarz""","false","0","false","""showerhead""","0.028520622195044365","0.5036539648753307","0.9969662092006488","7.0550000000000015","1","4.715"
"1","76","1000","""suslab""","""schwarz""","false","0","false","""showerhead""","0.24986753218401545","0.5036539648753307","0.9371268041417201","8.450000000000001","1","4.715"
"1","77","1000","""suslab""","""schwarz""","false","0","false","""showerhead""","0.028520622195044365","0.43223492573018574","0.9371268041417201","7.378999999999999","1","4.715"
"1","78","1000","""suslab""","""schwarz""","false","0","false","""showerhead""","0","0.5036539648753307","0.8439458547066283","7.085000000000002","1","4.715"
"1","79","1000","""suslab""","""schwarz""","false","0","false","""showerhead""","0.12233336907346906","0.5036539648753307","0.9371268041417201","6.005999999999999","1","4.715"
"1","80","1000","""suslab""","""schwarz""","false","0","false","""showerhead""","0.028520622195044365","0.610277208097451","0.9371268041417201","5.875","1","4.715"
"1","81","1000","""suslab""","""schwarz""","false","0","false","""showerhead""","0.028520622195044365","0.5036539648753307","0.8478866208744492","7.164","1","4.715"
"1","82","1000","""suslab""","""schwarz""","false","0","false","""showerhead""","0.028520622195044365","0.5036539648753307","0.7945527385910021","8.918000000000001","1","4.715"
"1","83","1000","""suslab""","""schwarz""","false","0","false","""showerhead""","0","0.5036539648753307","0.9371268041417201","6.106999999999998","1","4.715"
"1","84","1000","""suslab""","""schwarz""","false","0","false","""showerhead""","0.028520622195044365","0.5036539648753307","0.9349703578723595","7.655000000000001","1","4.715"
"1","85","1000","""suslab""","""schwarz""","false","0","false","""showerhead""","0.028520622195044365","0.5589151761825919","0.9371268041417201","6.628999999999998","1","4.715"
"1","86","1000","""suslab""","""schwarz""","false","0","false","""showerhead""","0.028520622195044365","0.5036539648753307","0.9018654115675098","5.7280000000000015","1","4.715"
"1","87","1000","""suslab""","""schwarz""","false","0","false","""showerhead""","0.028520622195044365","0.6833831481487265","0.9371268041417201","3.6890000000000014","1","3.6890000000000014"
"1","88","1000","""suslab""","""schwarz""","false","0","false","""showerhead""","0.15329081484578355","0.6833831481487265","1","4.280999999999999","1","3.6890000000000014"
"1","89","1000","""suslab""","""schwarz""","false","0","false","""showerhead""","0.025053927988579573","0.6833831481487265","0.9371268041417201","5.463","1","3.6890000000000014"
"1","90","1000","""suslab""","""schwarz""","false","0","false","""showerhead""","0.009439382578498051","0.6833831481487265","0.9371268041417201","5.543","1","3.6890000000000014"
"1","91","1000","""suslab""","""schwarz""","false","0","false","""showerhead""","0","0.6833831481487265","0.9371268041417201","6.224000000000001","1","3.6890000000000014"
"1","92","1000","""suslab""","""schwarz""","false","0","false","""showerhead""","0.08736074783121789","0.6833831481487265","1","5.248999999999999","1","3.6890000000000014"
"1","93","1000","""suslab""","""schwarz""","false","0","false","""showerhead""","0.06299014763931549","0.6833831481487265","0.9371268041417201","4.681999999999999","1","3.6890000000000014"
"1","94","1000","""suslab""","""schwarz""","false","0","false","""showerhead""","0.028520622195044365","0.6833831481487265","0.9858553449814159","5.712999999999999","1","3.6890000000000014"
"1","95","1000","""suslab""","""schwarz""","false","0","false","""showerhead""","0.028520622195044365","0.7825347917105056","0.9371268041417201","6.65","1","3.6890000000000014"
"1","96","1000","""suslab""","""schwarz""","false","0","false","""showerhead""","0.028520622195044365","0.6833831481487265","1","5.759000000000001","1","3.6890000000000014"
"1","97","1000","""suslab""","""schwarz""","false","0","false","""showerhead""","0.028520622195044365","0.6666971493661481","0.9371268041417201","6.265999999999998","1","3.6890000000000014"
"1","98","1000","""suslab""","""schwarz""","false","0","false","""showerhead""","0.028520622195044365","0.6833831481487265","0.8923018243012794","4.798999999999999","1","3.6890000000000014"
"1","99","1000","""suslab""","""schwarz""","false","0","false","""showerhead""","0.2958952242216202","0.6833831481487265","0.9371268041417201","9.353000000000002","1","3.6890000000000014"
"1","100","1000","""suslab""","""schwarz""","false","0","false","""showerhead""","0.028520622195044365","0.7875115053578764","0.9371268041417201","6.945999999999999","1","3.6890000000000014"
"1","101","1000","""suslab""","""schwarz""","false","0","false","""showerhead""","0.028520622195044365","0.5218414961764382","0.9371268041417201","4.715000000000001","1","3.6890000000000014"
"1","102","1000","""suslab""","""schwarz""","false","0","false","""showerhead""","0.028520622195044365","0.6833831481487265","0.9351631872919369","8.25","1","3.6890000000000014"
"1","103","1000","""suslab""","""schwarz""","false","0","false","""showerhead""","0.061380408392525905","0.6833831481487265","0.9371268041417201","9.613","1","3.6890000000000014"
"1","104","1000","""suslab""","""schwarz""","false","0","false","""showerhead""","0.049496493179151294","0.6833831481487265","0.9371268041417201","5.168","1","3.6890000000000014"
"1","105","1000","""suslab""","""schwarz""","false","0","false","""showerhead""","0.028520622195044365","0.6833831481487265","0.9516547441756543","5.723999999999998","1","3.6890000000000014"
"1","106","1000","""suslab""","""schwarz""","false","0","false","""showerhead""","0.028520622195044365","0.7661852515327379","0.9371268041417201","9.177","1","3.6890000000000014"
"1","107","1000","""suslab""","""schwarz""","false","0","false","""showerhead""","0.028520622195044365","0.6909774498603279","0.9371268041417201","5.115","1","3.6890000000000014"
"1","108","1000","""suslab""","""schwarz""","false","0","false","""showerhead""","0.028520622195044365","0.6833831481487265","0.9244994082639447","6.706","1","3.6890000000000014"
"1","109","1000","""suslab""","""schwarz""","false","0","false","""showerhead""","0.028520622195044365","0.7774516728465364","0.8884169304112286","7.672000000000002","1","3.6890000000000014"
"1","110","1000","""suslab""","""schwarz""","false","0","false","""showerhead""","0","0.6542951289050072","0.9371268041417201","5.6290000000000004","1","3.6890000000000014"
"1","111","1000","""suslab""","""schwarz""","false","0","false","""showerhead""","0.028520622195044365","0.8027001733922355","0.9371268041417201","8.151","1","3.6890000000000014"
"1","112","1000","""suslab""","""schwarz""","false","0","false","""showerhead""","0.028520622195044365","0.6833831481487265","0.8988720813725792","7.678000000000002","1","3.6890000000000014"
"1","113","1000","""suslab""","""schwarz""","false","0","false","""showerhead""","0.2375945993407521","0.6833831481487265","0.9371268041417201","7.3580000000000005","1","3.6890000000000014"
"1","114","1000","""suslab""","""schwarz""","false","0","false","""showerhead""","0.028520622195044365","0.7338342625369889","0.9371268041417201","5.012","1","3.6890000000000014"
"1","115","1000","""suslab""","""schwarz""","false","0","false","""showerhead""","0.028520622195044365","0.7903361058028817","0.9371268041417201","8.341000000000001","1","3.6890000000000014"
"1","116","1000","""suslab""","""schwarz""","false","0","false","""showerhead""","0.028520622195044365","0.6833831481487265","0.9534043606435822","8.006","1","3.6890000000000014"
"1","117","1000","""suslab""","""schwarz""","false","0","false","""showerhead""","0.028520622195044365","0.7543408658461553","0.9371268041417201","4.680000000000001","1","3.6890000000000014"
"1","118","1000","""suslab""","""schwarz""","false","0","false","""showerhead""","0.028520622195044365","0.8235565075007272","0.9371268041417201","9.677000000000001","1","3.6890000000000014"
"1","119","1000","""suslab""","""schwarz""","false","0","false","""showerhead""","0.028520622195044365","0.8372014668774375","0.9371268041417201","9.341","1","3.6890000000000014"
"1","120","1000","""suslab""","""schwarz""","false","0","false","""showerhead""","0.028520622195044365","0.6833831481487265","0.7913663633746786","8.399000000000001","1","3.6890000000000014"
"1","121","1000","""suslab""","""schwarz""","false","0","false","""showerhead""","0.028520622195044365","0.6905931563766644","0.9371268041417201","5.386","1","3.6890000000000014"
"1","122","1000","""suslab""","""schwarz""","false","0","false","""showerhead""","0","0.6833831481487265","0.9388331531555446","7.010999999999999","1","3.6890000000000014"
"1","123","1000","""suslab""","""schwarz""","false","0","false","""showerhead""","0.028520622195044365","0.7135945416562527","0.9371268041417201","4.895","1","3.6890000000000014"
"1","124","1000","""suslab""","""schwarz""","false","0","false","""showerhead""","0.028520622195044365","0.7135945416562527","1","5.024999999999999","1","3.6890000000000014"
"1","125","1000","""suslab""","""schwarz""","false","0","false","""showerhead""","0.07034022390537048","0.7135945416562527","1","6.419999999999998","1","3.6890000000000014"
"1","126","1000","""suslab""","""schwarz""","false","0","false","""showerhead""","0.029177709443175444","0.7135945416562527","1","3.7890000000000006","1","3.6890000000000014"
"1","127","1000","""suslab""","""schwarz""","false","0","false","""showerhead""","0.029177709443175444","0.7135945416562527","0.9311429154905365","5.518000000000001","1","3.6890000000000014"
"1","128","1000","""suslab""","""schwarz""","false","0","false","""showerhead""","0.01606028534346602","0.7135945416562527","1","4.878","1","3.6890000000000014"
"1","129","1000","""suslab""","""schwarz""","false","0","false","""showerhead""","0.029177709443175444","0.6621385236659921","1","5.8020000000000005","1","3.6890000000000014"
"1","130","1000","""suslab""","""schwarz""","false","0","false","""showerhead""","0.11131800160091196","0.7135945416562527","0.9198386069923681","6.827","1","3.6890000000000014"
"1","131","1000","""suslab""","""schwarz""","false","0","false","""showerhead""","0","0.7135945416562527","1","5.28","1","3.6890000000000014"
"1","132","1000","""suslab""","""schwarz""","false","0","false","""showerhead""","0.1392285499329459","0.7764408423116337","1","10.414000000000001","1","3.6890000000000014"
"1","133","1000","""suslab""","""schwarz""","false","0","false","""showerhead""","0.029177709443175444","0.8287884875244956","1","9.786000000000003","1","3.6890000000000014"
"1","134","1000","""suslab""","""schwarz""","false","0","false","""showerhead""","0.2624735481000347","0.7135945416562527","1","9.725","1","3.6890000000000014"
"1","135","1000","""suslab""","""schwarz""","false","0","false","""showerhead""","0.029177709443175444","0.7135945416562527","0.9158539784600018","6.4410000000000025","1","3.6890000000000014"
"1","136","1000","""suslab""","""schwarz""","false","0","false","""showerhead""","0.026966578297561692","0.5905608939381484","1","3.8560000000000008","1","3.6890000000000014"
"1","137","1000","""suslab""","""schwarz""","false","0","false","""showerhead""","0.026966578297561692","0.6012200427319823","1","3.7970000000000006","1","3.6890000000000014"
"1","138","1000","""suslab""","""schwarz""","false","0","false","""showerhead""","0","0.6012200427319823","1","3.946","1","3.6890000000000014"
"1","139","1000","""suslab""","""schwarz""","false","0","false","""showerhead""","0","0.6012200427319823","0.8083812549327887","6.672","1","3.6890000000000014"
"1","140","1000","""suslab""","""schwarz""","false","0","false","""showerhead""","0.044406828961753346","0.6012200427319823","1","6.919","1","3.6890000000000014"
"1","141","1000","""suslab""","""schwarz""","false","0","false","""showerhead""","0","0.6154738552864202","1","5.941999999999998","1","3.6890000000000014"
"1","142","1000","""suslab""","""schwarz""","false","0","false","""showerhead""","0","0.6012200427319823","0.9663982134848926","5.381","1","3.6890000000000014"
"1","143","1000","""suslab""","""schwarz""","false","0","false","""showerhead""","0.07763321537032392","0.6012200427319823","1","4.553000000000001","1","3.6890000000000014"
"1","144","1000","""suslab""","""schwarz""","false","0","false","""showerhead""","0","0.6699999267712364","1","4.046000000000001","1","3.6890000000000014"
"1","145","1000","""suslab""","""schwarz""","false","0","false","""showerhead""","0","0.5880149281683712","1","5.27","1","3.6890000000000014"
"1","146","1000","""suslab""","""schwarz""","false","0","false","""showerhead""","0.07855495609755037","0.6012200427319823","1","4.838000000000002","1","3.6890000000000014"
"1","147","1000","""suslab""","""schwarz""","false","0","false","""showerhead""","0","0.6036338256971502","1","4.826","1","3.6890000000000014"
"1","148","1000","""suslab""","""schwarz""","false","0","false","""showerhead""","0","0.5762900332116676","1","5.398999999999999","1","3.6890000000000014"
"1","149","1000","""suslab""","""schwarz""","false","0","false","""showerhead""","0","0.6012200427319823","0.9762079003811742","5.781000000000001","1","3.6890000000000014"
"1","150","1000","""suslab""","""schwarz""","false","0","false","""showerhead""","0.04394099010392779","0.6012200427319823","1","4.315000000000001","1","3.6890000000000014"
"1","151","1000","""suslab""","""schwarz""","false","0","false","""showerhead""","0","0.5453217524482293","1","5.7379999999999995","1","3.6890000000000014"
"1","152","1000","""suslab""","""schwarz""","false","0","false","""showerhead""","0","0.5051924821490659","1","4.623","1","3.6890000000000014"
"1","153","1000","""suslab""","""schwarz""","false","0","false","""showerhead""","0","0.6734099029755575","1","5.314000000000001","1","3.6890000000000014"
"1","154","1000","""suslab""","""schwarz""","false","0","false","""showerhead""","0","0.6012200427319823","0.9668369783258741","4.162","1","3.6890000000000014"
"1","155","1000","""suslab""","""schwarz""","false","0","false","""showerhead""","0","0.4958232663576923","1","9.51","1","3.6890000000000014"
"1","156","1000","""suslab""","""schwarz""","false","0","false","""showerhead""","0.04991983735956582","0.6012200427319823","1","5.8050000000000015","1","3.6890000000000014"
"1","157","1000","""suslab""","""schwarz""","false","0","false","""showerhead""","0.1532017219092377","0.6012200427319823","1","4.061","1","3.6890000000000014"
"1","158","1000","""suslab""","""schwarz""","false","0","false","""showerhead""","0","0.6012200427319823","0.8485461222834461","4.032000000000002","1","3.6890000000000014"
"1","159","1000","""suslab""","""schwarz""","false","0","false","""showerhead""","0","0.4942822414433017","0.8485461222834461","6.838999999999999","1","3.6890000000000014"
"1","160","1000","""suslab""","""schwarz""","false","0","false","""showerhead""","0","0.5737934472541999","0.8485461222834461","5.358","1","3.6890000000000014"
"1","161","1000","""suslab""","""schwarz""","false","0","false","""showerhead""","0.15089066189245276","0.6012200427319823","1","7.63","1","3.6890000000000014"
"1","162","1000","""suslab""","""schwarz""","false","0","false","""showerhead""","0","0.6012200427319823","0.8602162267659301","4.512999999999998","1","3.6890000000000014"
"1","163","1000","""suslab""","""schwarz""","false","0","false","""showerhead""","0","0.6012200427319823","0.9983255654591472","4.425999999999999","1","3.6890000000000014"
"1","164","1000","""suslab""","""schwarz""","false","0","false","""showerhead""","0","0.5383594881341529","1","4.207000000000001","1","3.6890000000000014"
"1","165","1000","""suslab""","""schwarz""","false","0","false","""showerhead""","0","0.749046537353469","1","8.979","1","3.6890000000000014"
"1","166","1000","""suslab""","""schwarz""","false","0","false","""showerhead""","0","0.5241396975661027","1","4.494","1","3.6890000000000014"
"1","167","1000","""suslab""","""schwarz""","false","0","false","""showerhead""","0","0.5417223679170488","1","3.577999999999998","1","3.577999999999998"
"1","168","1000","""suslab""","""schwarz""","false","0","false","""showerhead""","0","0.40683597862915044","1","8.037","1","3.577999999999998"
"1","169","1000","""suslab""","""schwarz""","false","0","false","""showerhead""","0","0.42520936979956214","1","10.709","1","3.577999999999998"
"1","170","1000","""suslab""","""schwarz""","false","0","false","""showerhead""","0.16487431494497556","0.5417223679170488","1","5.513999999999999","1","3.577999999999998"
"1","171","1000","""suslab""","""schwarz""","false","0","false","""showerhead""","0","0.7995562482915672","1","6.359","1","3.577999999999998"
"1","172","1000","""suslab""","""schwarz""","false","0","false","""showerhead""","0.035347156333319266","0.5417223679170488","1","5.773000000000001","1","3.577999999999998"
"1","173","1000","""suslab""","""schwarz""","false","0","false","""showerhead""","0","0.614731126269237","1","6.116999999999998","1","3.577999999999998"
"1","174","1000","""suslab""","""schwarz""","false","0","false","""showerhead""","0","0.5417223679170488","0.9169442691517894","6.4959999999999996","1","3.577999999999998"
"1","175","1000","""suslab""","""schwarz""","false","0","false","""showerhead""","0","0.4570207338190427","1","7.727","1","3.577999999999998"
"1","176","1000","""suslab""","""schwarz""","false","0","false","""showerhead""","0.002105078104180254","0.5417223679170488","1","4.188999999999997","1","3.577999999999998"
"1","177","1000","""suslab""","""schwarz""","false","0","false","""showerhead""","0","0.19908895039965135","1","12.489000000000003","1","3.577999999999998"
"1","178","1000","""suslab""","""schwarz""","false","0","false","""showerhead""","0.11589301047728445","0.5417223679170488","1","6.093000000000001","1","3.577999999999998"
"1","179","1000","""suslab""","""schwarz""","false","0","false","""showerhead""","0","0.5898546340989709","1","4.300999999999999","1","3.577999999999998"
"1","180","1000","""suslab""","""schwarz""","false","0","false","""showerhead""","0","0.5008007696894983","1","4.903","1","3.577999999999998"
"1","181","1000","""suslab""","""schwarz""","false","0","false","""showerhead""","0","0.5211041816233262","1","3.118","1","3.118"
"1","182","1000","""suslab""","""schwarz""","false","0","false","""showerhead""","0","0.5211041816233262","0.9801233549214061","6.568999999999999","1","3.118"
"1","183","1000","""suslab""","""schwarz""","false","0","false","""showerhead""","0","0.6350147605668419","1","5.025999999999999","1","3.118"
"1","184","1000","""suslab""","""schwarz""","false","0","false","""showerhead""","0.07542860802399659","0.5211041816233262","1","4.4159999999999995","1","3.118"
"1","185","1000","""suslab""","""schwarz""","false","0","false","""showerhead""","0","0.5787128601905923","1","4.616","1","3.118"
"1","186","1000","""suslab""","""schwarz""","false","0","false","""showerhead""","0","0.6043519688285373","1","5.325000000000001","1","3.118"
"1","187","1000","""suslab""","""schwarz""","false","0","false","""showerhead""","0","0.5211041816233262","0.9796747104697744","6.481","1","3.118"
"1","188","1000","""suslab""","""schwarz""","false","0","false","""showerhead""","0.07118029068386722","0.5211041816233262","1","5.9190000000000005","1","3.118"
"1","189","1000","""suslab""","""schwarz""","false","0","false","""showerhead""","0","0.5026821596417781","1","8.517999999999999","1","3.118"
"1","190","1000","""suslab""","""schwarz""","false","0","false","""showerhead""","0","0.4789439218686664","0.9593716622342976","8.363999999999999","1","3.118"
"1","191","1000","""suslab""","""schwarz""","false","0","false","""showerhead""","0","0.5211041816233262","0.993378115498498","5.222000000000001","1","3.118"
"1","192","1000","""suslab""","""schwarz""","false","0","false","""showerhead""","0.08459046680067178","0.5211041816233262","1","2.874999999999999","1","2.874999999999999"
"1","193","1000","""suslab""","""schwarz""","false","0","false","""showerhead""","0.08459046680067178","0.5921681372475018","1","5.138000000000002","1","2.874999999999999"
"1","194","1000","""suslab""","""schwarz""","false","0","false","""showerhead""","0.08459046680067178","0.5859044952080247","1","5.556","1","2.874999999999999"
"1","195","1000","""suslab""","""schwarz""","false","0","false","""showerhead""","0.08459046680067178","0.6526354604057257","1","4.4799999999999995","1","2.874999999999999"
"1","196","1000","""suslab""","""schwarz""","false","0","false","""showerhead""","0.08459046680067178","0.5211041816233262","0.9000423743603215","6.190000000000002","1","2.874999999999999"
"1","197","1000","""suslab""","""schwarz""","false","0","false","""showerhead""","0.08459046680067178","0.5604975678552235","1","4.814","1","2.874999999999999"
"1","198","1000","""suslab""","""schwarz""","false","0","false","""showerhead""","0.19838679178650587","0.5211041816233262","1","5.858","1","2.874999999999999"
"1","199","1000","""suslab""","""schwarz""","false","0","false","""showerhead""","0.08459046680067178","0.333800785936317","1","10.174000000000001","1","2.874999999999999"
"1","200","1000","""suslab""","""schwarz""","false","0","false","""showerhead""","0.08459046680067178","0.5211041816233262","0.9802264651291479","6.265000000000001","1","2.874999999999999"
"1","201","1000","""suslab""","""schwarz""","false","0","false","""showerhead""","0.08459046680067178","0.3806049504545931","1","8.705","1","2.874999999999999"
"1","202","1000","""suslab""","""schwarz""","false","0","false","""showerhead""","0.08459046680067178","0.5211041816233262","0.9384518803695554","6.885999999999999","1","2.874999999999999"
"1","203","1000","""suslab""","""schwarz""","false","0","false","""showerhead""","0.08459046680067178","0.5211041816233262","0.8613709158772576","7.757000000000001","1","2.874999999999999"
"1","204","1000","""suslab""","""schwarz""","false","0","false","""showerhead""","0.08459046680067178","0.5211041816233262","0.9287986382289026","5.641","1","2.874999999999999"
"1","205","1000","""suslab""","""schwarz""","false","0","false","""showerhead""","0.08459046680067178","0.6674958065106003","1","6.191999999999998","1","2.874999999999999"
"1","206","1000","""suslab""","""schwarz""","false","0","false","""showerhead""","0.08459046680067178","0.3805419557177251","1","7.362999999999999","1","2.874999999999999"
"1","207","1000","""suslab""","""schwarz""","false","0","false","""showerhead""","0.08459046680067178","0.6406642412597038","1","5.103999999999998","1","2.874999999999999"
"1","208","1000","""suslab""","""schwarz""","false","0","false","""showerhead""","0.08459046680067178","0.45347548386129327","1","6.740000000000001","1","2.874999999999999"
"1","209","1000","""suslab""","""schwarz""","false","0","false","""showerhead""","0.08459046680067178","0.5211041816233262","0.8831692956509953","5.574","1","2.874999999999999"
"1","210","1000","""suslab""","""schwarz""","false","0","false","""showerhead""","0","0.4733418770099041","1","8.581","1","2.874999999999999"
"1","211","1000","""suslab""","""schwarz""","false","0","false","""showerhead""","0.08459046680067178","0.2297339161864349","1","13.735","1","2.874999999999999"
"1","212","1000","""suslab""","""schwarz""","false","0","false","""showerhead""","0.08459046680067178","0.5211041816233262","0.830069263756703","8.523","1","2.874999999999999"
"1","213","1000","""suslab""","""schwarz""","false","0","false","""showerhead""","0.08459046680067178","0.5822409181241818","1","6.405000000000001","1","2.874999999999999"
"1","214","1000","""suslab""","""schwarz""","false","0","false","""showerhead""","0.08459046680067178","0.5211041816233262","0.8474914611785118","6.065999999999998","1","2.874999999999999"
"1","215","1000","""suslab""","""schwarz""","false","0","false","""showerhead""","0.08459046680067178","0.5211041816233262","0.9570830266926272","7.552","1","2.874999999999999"
"1","216","1000","""suslab""","""schwarz""","false","0","false","""showerhead""","0.08459046680067178","0.5211041816233262","0.9143852078547073","8.192","1","2.874999999999999"
"1","217","1000","""suslab""","""schwarz""","false","0","false","""showerhead""","0.08459046680067178","0.5471169840512294","1","5.614000000000001","1","2.874999999999999"
"1","218","1000","""suslab""","""schwarz""","false","0","false","""showerhead""","0.08459046680067178","0.5463590185017598","1","7.2589999999999995","1","2.874999999999999"
"1","219","1000","""suslab""","""schwarz""","false","0","false","""showerhead""","0.08459046680067178","0.5085406364574517","1","4.553000000000001","1","2.874999999999999"
"1","220","1000","""suslab""","""schwarz""","false","0","false","""showerhead""","0.08459046680067178","0.5392286988028423","1","4.632","1","2.874999999999999"
"1","221","1000","""suslab""","""schwarz""","false","0","false","""showerhead""","0.14394942125143828","0.5211041816233262","1","5.5409999999999995","1","2.874999999999999"
"1","222","1000","""suslab""","""schwarz""","false","0","false","""showerhead""","0.08459046680067178","0.4383458347700104","1","8.718","1","2.874999999999999"
"1","223","1000","""suslab""","""schwarz""","false","0","false","""showerhead""","0.08459046680067178","0.8320973358002066","1","9.042","1","2.874999999999999"
"1","224","1000","""suslab""","""schwarz""","false","0","false","""showerhead""","0.1234895023389041","0.5211041816233262","1","4.718","1","2.874999999999999"
"1","225","1000","""suslab""","""schwarz""","false","0","false","""showerhead""","0.1254124271167066","0.5873393395859747","1","6.12","1","2.874999999999999"
"1","226","1000","""suslab""","""schwarz""","false","0","false","""showerhead""","0.08459046680067178","0.5229138470949739","1","4.005","1","2.874999999999999"
"1","227","1000","""suslab""","""schwarz""","false","0","false","""showerhead""","0.08459046680067178","0.675051933518682","1","3.2489999999999997","1","2.874999999999999"
"1","228","1000","""suslab""","""schwarz""","false","0","false","""showerhead""","0.05782096228186945","0.5211041816233262","1","5.547999999999999","1","2.874999999999999"
"1","229","1000","""suslab""","""schwarz""","false","0","false","""showerhead""","0.03184003405606158","0.5211041816233262","1","5.531000000000001","1","2.874999999999999"
"1","230","1000","""suslab""","""schwarz""","false","0","false","""showerhead""","0.08459046680067178","0.4804621337627078","1","5.9959999999999996","1","2.874999999999999"
"1","231","1000","""suslab""","""schwarz""","false","0","false","""showerhead""","0.03953685395912221","0.5211041816233262","0.9613849543429238","8.018","1","2.874999999999999"
"1","232","1000","""suslab""","""schwarz""","false","0","false","""showerhead""","0.19261308872299038","0.5211041816233262","1","8.596999999999998","1","2.874999999999999"
"1","233","1000","""suslab""","""schwarz""","false","0","false","""showerhead""","0.08459046680067178","0.4950479125680725","0.8254730187867896","7.822000000000001","1","2.874999999999999"
"1","234","1000","""suslab""","""schwarz""","false","0","false","""showerhead""","0.08459046680067178","0.44615278099648653","1","5.072000000000001","1","2.874999999999999"
"1","235","1000","""suslab""","""schwarz""","false","0","false","""showerhead""","0.08459046680067178","0.5599315677554222","1","8.121","1","2.874999999999999"
"1","236","1000","""suslab""","""schwarz""","false","0","false","""showerhead""","0.08459046680067178","0.5147029943653288","1","5.797000000000001","1","2.874999999999999"
"1","237","1000","""suslab""","""schwarz""","false","0","false","""showerhead""","0.11068939818692361","0.5211041816233262","1","8.031999999999998","1","2.874999999999999"
"1","238","1000","""suslab""","""schwarz""","false","0","false","""showerhead""","0.08459046680067178","0.3489928706295186","1","11.517000000000001","1","2.874999999999999"
"1","239","1000","""suslab""","""schwarz""","false","0","false","""showerhead""","0.08459046680067178","0.38292298651907286","1","12.972999999999997","1","2.874999999999999"
"1","240","1000","""suslab""","""schwarz""","false","0","false","""showerhead""","0.08459046680067178","0.5460964438086646","1","5.1839999999999975","1","2.874999999999999"
"1","241","1000","""suslab""","""schwarz""","false","0","false","""showerhead""","0.20425928895705275","0.5211041816233262","1","7.945000000000001","1","2.874999999999999"
"1","242","1000","""suslab""","""schwarz""","false","0","false","""showerhead""","0.08459046680067178","0.4159737757858385","1","9.381999999999998","1","2.874999999999999"
"1","243","1000","""suslab""","""schwarz""","false","0","false","""showerhead""","0.034935613761719456","0.5211041816233262","1","3.9960000000000018","1","2.874999999999999"
"1","244","1000","""suslab""","""schwarz""","false","0","false","""showerhead""","0.08459046680067178","0.6146666580022342","1","6.308","1","2.874999999999999"
"1","245","1000","""suslab""","""schwarz""","false","0","false","""showerhead""","0.08459046680067178","0.6357350130269495","1","8.837000000000002","1","2.874999999999999"
"1","246","1000","""suslab""","""schwarz""","false","0","false","""showerhead""","0","0.6647976317036168","1","5.3210000000000015","1","2.874999999999999"
"1","247","1000","""suslab""","""schwarz""","false","0","false","""showerhead""","0","0.40361202651469014","1","8.473","1","2.874999999999999"
"1","248","1000","""suslab""","""schwarz""","false","0","false","""showerhead""","0","0.6329432026563612","1","2.962999999999999","1","2.874999999999999"
"1","249","1000","""suslab""","""schwarz""","false","0","false","""showerhead""","0","0.8151197246843355","1","9.109","1","2.874999999999999"
"1","250","1000","""suslab""","""schwarz""","false","0","false","""showerhead""","0","0.5891668731174077","1","4.06","1","2.874999999999999"
"1","251","1000","""suslab""","""schwarz""","false","0","false","""showerhead""","0","0.7525078445141746","1","8.433999999999997","1","2.874999999999999"
"1","252","1000","""suslab""","""schwarz""","false","0","false","""showerhead""","0","0.6329432026563612","0.9898056584759969","3.4669999999999996","1","2.874999999999999"
"1","253","1000","""suslab""","""schwarz""","false","0","false","""showerhead""","0","0.43740579646836364","1","2.9859999999999998","1","2.874999999999999"
"1","254","1000","""suslab""","""schwarz""","false","0","false","""showerhead""","0.016126974732646314","0.43740579646836364","1","8.841000000000001","1","2.874999999999999"
"1","255","1000","""suslab""","""schwarz""","false","0","false","""showerhead""","0","0.43740579646836364","0.8616505123341928","8.17","1","2.874999999999999"
"1","256","1000","""suslab""","""schwarz""","false","0","false","""showerhead""","0","0.43740579646836364","0.9931705408548006","6.474000000000002","1","2.874999999999999"
"1","257","1000","""suslab""","""schwarz""","false","0","false","""showerhead""","0","0.4527449762057614","1","6.744000000000001","1","2.874999999999999"
"1","258","1000","""suslab""","""schwarz""","false","0","false","""showerhead""","0","0.43740579646836364","0.9688182304358256","8.415","1","2.874999999999999"
"1","259","1000","""suslab""","""schwarz""","false","0","false","""showerhead""","0","0.2833707701764631","1","11.706","1","2.874999999999999"
"1","260","1000","""suslab""","""schwarz""","false","0","false","""showerhead""","0.16333034320575754","0.43740579646836364","1","10.054","1","2.874999999999999"
"1","261","1000","""suslab""","""schwarz""","false","0","false","""showerhead""","0.04625934807482221","0.43740579646836364","1","8.738999999999997","1","2.874999999999999"
"1","262","1000","""suslab""","""schwarz""","false","0","false","""showerhead""","0.05236091253606753","0.43740579646836364","1","7.505999999999999","1","2.874999999999999"
"1","263","1000","""suslab""","""schwarz""","false","0","false","""showerhead""","0.12697708081217435","0.5817507442531897","1","4.009","1","2.874999999999999"
"1","264","1000","""suslab""","""schwarz""","false","0","false","""showerhead""","0","0.43740579646836364","0.9296615606438065","4.963999999999999","1","2.874999999999999"
"1","265","1000","""suslab""","""schwarz""","false","0","false","""showerhead""","0","0.40671794387359766","1","5.927999999999999","1","2.874999999999999"
"1","266","1000","""suslab""","""schwarz""","false","0","false","""showerhead""","0","0.3316174041927529","1","7.471999999999998","1","2.874999999999999"
"1","267","1000","""suslab""","""schwarz""","false","0","false","""showerhead""","0","0.43740579646836364","0.8338420869062315","9.283","1","2.874999999999999"
"1","268","1000","""suslab""","""schwarz""","false","0","false","""showerhead""","0","0.4590555090445311","1","4.561","1","2.874999999999999"
"1","269","1000","""suslab""","""schwarz""","false","0","false","""showerhead""","0.06278774575577072","0.5509446232508615","1","4.776999999999999","1","2.874999999999999"
"1","270","1000","""suslab""","""schwarz""","false","0","false","""showerhead""","0","0.43740579646836364","0.9965920182329439","7.129999999999997","1","2.874999999999999"
"1","271","1000","""suslab""","""schwarz""","false","0","false","""showerhead""","0","0.33780451951054447","1","9.938","1","2.874999999999999"
"1","272","1000","""suslab""","""schwarz""","false","0","false","""showerhead""","0.07025973175322205","0.43740579646836364","1","8.364999999999998","1","2.874999999999999"
"1","273","1000","""suslab""","""schwarz""","false","0","false","""showerhead""","0.07679914397413301","0.43740579646836364","1","5.625000000000001","1","2.874999999999999"
"1","274","1000","""suslab""","""schwarz""","false","0","false","""showerhead""","0","0.3854459990797229","1","6.821","1","2.874999999999999"
"1","275","1000","""suslab""","""schwarz""","false","0","false","""showerhead""","0.11019094146405856","0.43740579646836364","1","7.749000000000003","1","2.874999999999999"
"1","276","1000","""suslab""","""schwarz""","false","0","false","""showerhead""","0","0.43042783845570526","1","6.265","1","2.874999999999999"
"1","277","1000","""suslab""","""schwarz""","false","0","false","""showerhead""","0.09724312184612695","0.43740579646836364","1","9.604000000000001","1","2.874999999999999"
"1","278","1000","""suslab""","""schwarz""","false","0","false","""showerhead""","0","0.6676365440339371","1","6.096","1","2.874999999999999"
"1","279","1000","""suslab""","""schwarz""","false","0","false","""showerhead""","0","0.43740579646836364","0.988597171152848","7.067","1","2.874999999999999"
"1","280","1000","""suslab""","""schwarz""","false","0","false","""showerhead""","0.21613370037367693","0.43740579646836364","1","8.485000000000001","1","2.874999999999999"
"1","281","1000","""suslab""","""schwarz""","false","0","false","""showerhead""","0","0.43740579646836364","0.9184163642217654","5.238000000000001","1","2.874999999999999"
"1","282","1000","""suslab""","""schwarz""","false","0","false","""showerhead""","0","0.43740579646836364","0.9792806681553703","5.627999999999999","1","2.874999999999999"
"1","283","1000","""suslab""","""schwarz""","false","0","false","""showerhead""","0","0.43740579646836364","0.877051718893759","7.163000000000001","1","2.874999999999999"
"1","284","1000","""suslab""","""schwarz""","false","0","false","""showerhead""","0","0.4922726887632477","1","4.210999999999999","1","2.874999999999999"
"1","285","1000","""suslab""","""schwarz""","false","0","false","""showerhead""","0.18290973562402393","0.43740579646836364","1","8.741","1","2.874999999999999"
"1","286","1000","""suslab""","""schwarz""","false","0","false","""showerhead""","0","0.6037774313245244","1","5.0809999999999995","1","2.874999999999999"
"1","287","1000","""suslab""","""schwarz""","false","0","false","""showerhead""","0.09509805583745648","0.43740579646836364","1","8.982999999999999","1","2.874999999999999"
"1","288","1000","""suslab""","""schwarz""","false","0","false","""showerhead""","0","0.3825196317394084","1","9.225999999999999","1","2.874999999999999"
"1","289","1000","""suslab""","""schwarz""","false","0","false","""showerhead""","0","0.5774427382873768","1","6.507","1","2.874999999999999"
"1","290","1000","""suslab""","""schwarz""","false","0","false","""showerhead""","0","0.43740579646836364","0.9585314575961558","7.728000000000001","1","2.874999999999999"
"1","291","1000","""suslab""","""schwarz""","false","0","false","""showerhead""","0.13394187143041938","0.43740579646836364","1","4.159","1","2.874999999999999"
"1","292","1000","""suslab""","""schwarz""","false","0","false","""showerhead""","0.02166615542316122","0.39758639775751964","1","6.93","1","2.874999999999999"
"1","293","1000","""suslab""","""schwarz""","false","0","false","""showerhead""","0.14840226330249304","0.43740579646836364","1","8.968","1","2.874999999999999"
"1","294","1000","""suslab""","""schwarz""","false","0","false","""showerhead""","0","0.38619178701316087","1","11.692999999999998","1","2.874999999999999"
"1","295","1000","""suslab""","""schwarz""","false","0","false","""showerhead""","0.08463606056451267","0.43740579646836364","1","6.821999999999998","1","2.874999999999999"
"1","296","1000","""suslab""","""schwarz""","false","0","false","""showerhead""","0","0.43740579646836364","0.7680358386900081","9.565000000000001","1","2.874999999999999"
"1","297","1000","""suslab""","""schwarz""","false","0","false","""showerhead""","0","0.4182960418939976","1","5.632000000000001","1","2.874999999999999"
"1","298","1000","""suslab""","""schwarz""","false","0","false","""showerhead""","0","0.43740579646836364","0.9571256428845042","8.526000000000002","1","2.874999999999999"
"1","299","1000","""suslab""","""schwarz""","false","0","false","""showerhead""","0.016596169780053998","0.43740579646836364","1","6.828000000000002","1","2.874999999999999"
"1","300","1000","""suslab""","""schwarz""","false","0","false","""showerhead""","0","0.43740579646836364","0.914620222625287","6.439","1","2.874999999999999"
